"","VARNAME","variable_original","seq_original","label_original","MEMNAME","VISIT_ddf","TARGETVR_ddf","TESTCD_ddf","RELTIVE_ddf","N_ddf","Matched_Full"
"378","CHILD_98176","CHILD_98176",6,"Mother s education What is your highest educational level achieved?","CHILD_METADATA_ALL",NA,NA,NA,NA,3263,"missing"
"379","CHILD_98177","CHILD_98177",7,"Mother s education If other, specify","CHILD_METADATA_ALL",NA,NA,NA,NA,3263,"missing"
"380","CHILD_98178","CHILD_98178",8,"Mother s education How many years of education have you had?","CHILD_METADATA_ALL",NA,"MEDUCYRS",NA,NA,3263,"yes"
"383","CHILD_98183","CHILD_98183",9,"Father s education What is the highest educational level achieved by your child s father?","CHILD_METADATA_ALL",NA,NA,NA,NA,3263,"missing"
"384","CHILD_98184","CHILD_98184",10,"Father s education If other, specify","CHILD_METADATA_ALL",NA,NA,NA,NA,3263,"missing"
"385","CHILD_98185","CHILD_98185",11,"Father s education How many years of education has your child s father had?","CHILD_METADATA_ALL",NA,"FEDUCYRS",NA,NA,3263,"yes"
"381","CHILD_98179","CHILD_98179",12,"Does your family own or rent your house/apartment:","CHILD_METADATA_ALL","Prenatal 18W","SSSTRESC","HOUSE",NA,3263,"yes"
"382","CHILD_98180","CHILD_98180",13,"Family income What is the best estimate of the total income, before taxes and deductions, of all household members, from all sources in the past 12 months?","CHILD_METADATA_ALL","Prenatal 18W","SSSTRESC","INCTOT",NA,3263,"yes"
"54","CHILD_103870","CHILD_103870",14,"Family income Of this total income, approximately what percentage is derived from government sources?","CHILD_METADATA_ALL","Prenatal 18W","SSSTRESN, SSSTRESU","INCGOVT",NA,3263,"yes"
"55","CHILD_103871","CHILD_103871",15,"Think of this ladder below as representing where people stand in their communities. Where would you put yourself on this ladder?","CHILD_METADATA_ALL",NA,NA,NA,NA,3263,"missing"
"56","CHILD_103872","CHILD_103872",16,"Think of this ladder below as representing where people stand in Canada. Where would you put yourself on this ladder?","CHILD_METADATA_ALL",NA,NA,NA,NA,3263,"missing"
"324","CHILD_144629","CHILD_144629",17,"Date/age at time of questionnaire completion Date (month and year)","CHILD_METADATA_ALL",NA,NA,NA,NA,3263,"missing"
"344","CHILD_97242","CHILD_97242",18,"Anemia Prior to your pregnancy, have you had anemia (low blood count)?","CHILD_METADATA_ALL","Prenatal 18W","CETERM",NA,"Mother",3263,"no"
"345","CHILD_97243_MODIFIED","CHILD_97243_modified",19,"Anemia Had anemia prior to pregnancy and have ever taken or are taking medications (Derived from CHILD.97242 and CHILD.97243: If so, are you taking or did you take medication(s)?)","CHILD_METADATA_ALL","Prenatal 18W","CMTRT",NA,"Mother",3263,"no"
"346","CHILD_97244","CHILD_97244",20,"Diabetes Prior to your pregnancy, have you had diabetes?","CHILD_METADATA_ALL","Prenatal 18W","CETERM",NA,"Mother",3263,"no"
"347","CHILD_97245_MODIFIED","CHILD_97245_modified",21,"Diabetes Had diabetes prior to pregnancy and have taken or are taking medications (Derived from CHILD.97244 and CHILD.97245: If so, are you taking or did you take medication(s)?)","CHILD_METADATA_ALL","Prenatal 18W","CMTRT",NA,"Mother",3263,"no"
"348","CHILD_97288","CHILD_97288",22,"Have you had any of the following during your pregnancy? Diabetes (high blood sugar)","CHILD_METADATA_ALL","Prenatal 18W","CETERM, DM",NA,"Mother",3263,"no"
"349","CHILD_97323","CHILD_97323",23,"Ever had asthma Have you ever had asthma?","CHILD_METADATA_ALL",NA,NA,NA,NA,3263,"missing"
"350","CHILD_97324_MODIFIED","CHILD_97324_modified",24,"Ever had asthma Have ever had asthma that was diagnosed by a doctor (Derived from CHILD.97323 and CHILD.97324: If Yes, was asthma diagnosed by a doctor?)","CHILD_METADATA_ALL","Prenatal 18W","CETERM",NA,"Mother",3263,"no"
"351","CHILD_97325","CHILD_97325",25,"Ever had treatment for asthma Have you ever had any treatment for asthma or wheezing?","CHILD_METADATA_ALL","Prenatal 18W","CMTRT",NA,"Mother",3263,"no"
"352","CHILD_97326_MODIFIED","CHILD_97326_modified",26,"Ever had treatment for asthma Have had treatment for asthma or wheezing in the last 12 months (Derived from CHILD.97325 and CHILD.97326: If Yes, have you had any treatment for asthma or wheezing in the last 12 months?)","CHILD_METADATA_ALL","Prenatal 18W","CMTRT",NA,"Mother",3263,"no"
"353","CHILD_97334","CHILD_97334",27,"Have you ever had hayfever symptoms?","CHILD_METADATA_ALL","Prenatal 18W","CETERM",NA,"Mother",3263,"no"
"354","CHILD_97335","CHILD_97335",28,"Have you ever had skin allergy symptoms (ECZEMA, HIVES, ALLERGIC RASH)?","CHILD_METADATA_ALL","Prenatal 18W","CETERM",NA,"Mother",3263,"no"
"355","CHILD_97336","CHILD_97336",29,"Have you ever had allergies to pollen, grasses, weeds, trees?","CHILD_METADATA_ALL","Prenatal 18W","CETERM",NA,"Mother",3263,"no"
"356","CHILD_97337","CHILD_97337",30,"Ever had drug allergy Drug allergy ever?","CHILD_METADATA_ALL","Prenatal 18W","CETERM",NA,"Mother",3263,"no"
"357","CHILD_97339","CHILD_97339",31,"Ever had insect allergy Insect allergy ever?","CHILD_METADATA_ALL","Prenatal 18W","CETERM",NA,"Mother",3263,"no"
"358","CHILD_97341","CHILD_97341",32,"Food allergy ever?","CHILD_METADATA_ALL","Prenatal 18W","CETERM",NA,"Mother",3263,"no"
"359","CHILD_97350","CHILD_97350",33,"Pet allergy ever?","CHILD_METADATA_ALL","Prenatal 18W","CETERM",NA,"Mother",3263,"no"
"360","CHILD_97355","CHILD_97355",34,"Other allergies you have ever had Other allergies ever (not mentioned above)?","CHILD_METADATA_ALL","Prenatal 18W","CETERM",NA,"Mother",3263,"no"
"361","CHILD_97447","CHILD_97447",35,"What is your marital status?","CHILD_METADATA_ALL",NA,"MMARIT, MMARITN",NA,NA,3263,"yes"
"323","CHILD_144157","CHILD_144157",36,"Date/age at time of questionnaire completion Date (month and year)","CHILD_METADATA_ALL","Prenatal 18W","AGEDAYS",NA,NA,3263,"yes"
"329","CHILD_147348","CHILD_147348",37,"Date/age at time of questionnaire completion Subject s age at questionnaire completion (gestational weeks)","CHILD_METADATA_ALL","Prenatal 18W","GAGEDAYS",NA,NA,3263,"yes"
"59","CHILD_108718","CHILD_108718",38,"How many people live in your home? Adults","CHILD_METADATA_ALL","Prenatal 18W","SSSTRESN","NADULT",NA,3263,"yes"
"60","CHILD_108719","CHILD_108719",39,"How many people live in your home? Children","CHILD_METADATA_ALL","Prenatal 18W","SSSTRESN","NCHLD",NA,3263,"yes"
"61","CHILD_108737","CHILD_108737",40,"How many bedrooms are there in your home? (including in basement if it is your living space)","CHILD_METADATA_ALL","Prenatal 18W","SSSTRESN","NBEDROOM",NA,3263,"yes"
"62","CHILD_108739","CHILD_108739",41,"What type of fuel heats your home? Gas/Propane","CHILD_METADATA_ALL","Prenatal 18W","SSSTRESC","COOKFUEL",NA,3263,"yes"
"63","CHILD_108740","CHILD_108740",42,"What type of fuel heats your home? Oil","CHILD_METADATA_ALL","Prenatal 18W","SSSTRESC","COOKFUEL",NA,3263,"yes"
"64","CHILD_108741","CHILD_108741",43,"What type of fuel heats your home? Electric","CHILD_METADATA_ALL","Prenatal 18W","SSSTRESC","COOKFUEL",NA,3263,"yes"
"65","CHILD_108742","CHILD_108742",44,"What type of fuel heats your home? Wood/Pellet","CHILD_METADATA_ALL","Prenatal 18W","SSSTRESC","COOKFUEL",NA,3263,"yes"
"66","CHILD_108743","CHILD_108743",45,"What type of fuel heats your home? Don t know","CHILD_METADATA_ALL",NA,NA,NA,NA,3263,"missing"
"67","CHILD_108744","CHILD_108744",46,"What type of fuel heats your home? Other","CHILD_METADATA_ALL",NA,NA,NA,NA,3263,"missing"
"68","CHILD_108745","CHILD_108745",47,"What type of fuel heats your home? If other type of fuel, specify:","CHILD_METADATA_ALL","Prenatal 18W","SSSTRESC","COOKFUEL",NA,3263,"yes"
"69","CHILD_108759","CHILD_108759",48,"Wood burning stove or fireplace: How often do you use a wood burning stove or fireplace:","CHILD_METADATA_ALL","Prenatal 18W","SSSTRESC","WDSTVFRQ",NA,3263,"yes"
"70","CHILD_108760","CHILD_108760",49,"Wood burning stove or fireplace: If used, how many days supply of wood do you store inside your home?","CHILD_METADATA_ALL","Prenatal 18W","SSSTRESC","WOODSTOR",NA,3263,"yes"
"71","CHILD_108777","CHILD_108777",50,"Stove used for cooking What kind of STOVE do you cook on?","CHILD_METADATA_ALL","Prenatal 18W","SSSTRESC","COOKSTOV",NA,3263,"yes"
"72","CHILD_108778","CHILD_108778",51,"Stove used for cooking If other kind of stove, specify:","CHILD_METADATA_ALL","Prenatal 18W","SSSTRESC","COOKSTOV",NA,3263,"yes"
"319","CHILD_144069","CHILD_144069",52,"Date/age at time of questionnaire completion Date (month and year)","CHILD_METADATA_ALL","Prenatal 18W","AGEDAYS",NA,NA,3263,"yes"
"426","MOTHER_AGE_CHILD_BIRTHY","mother_age_child_birthY",53,"Maternal age at child birth (age in years)","CHILD_METADATA_ALL",NA,"MAGE",NA,NA,3263,"yes"
"423","CHILDBIRTHM","childbirthM",54,"Child s birth month","CHILD_METADATA_ALL","Birth CBIR","BRTHWEEK, GFSTRESC","DOB","Child",3263,"yes"
"424","CHILDBIRTHY","childbirthY",55,"Child s birth year","CHILD_METADATA_ALL",NA,"BRTHYR",NA,NA,3263,"yes"
"73","CHILD_113694","CHILD_113694",56,"Baby s sex","CHILD_METADATA_ALL",NA,"SEX, SEXN",NA,NA,3263,"yes"
"74","CHILD_113695","CHILD_113695",57,"Total number of pregnancies, including present pregnancy (Gravida)","CHILD_METADATA_ALL",NA,"GRAVIDA",NA,NA,3263,"yes"
"75","CHILD_113696","CHILD_113696",58,"Term deliveries","CHILD_METADATA_ALL",NA,"LVBRTHHX, NLIVBRTH",NA,NA,3263,"yes"
"76","CHILD_113697","CHILD_113697",59,"Preterm deliveries","CHILD_METADATA_ALL",NA,"LVBRTHHX, PREMIEHX, PRETRMHX, NLIVBRTH",NA,NA,3263,"yes"
"77","CHILD_113698","CHILD_113698",60,"Abortions (both surgical abortions and miscarriages)","CHILD_METADATA_ALL",NA,"ABORTHX, NABT",NA,NA,3263,"yes"
"78","CHILD_113699","CHILD_113699",61,"Living children","CHILD_METADATA_ALL",NA,"NLCHILD",NA,NA,3263,"yes"
"79","CHILD_113700","CHILD_113700",62,"What conditions did the mother have pre-labour? Bleeding","CHILD_METADATA_ALL","Birth CBIR","CETERM",NA,"Mother",3263,"no"
"80","CHILD_113701","CHILD_113701",63,"What conditions did the mother have pre-labour? Nausea","CHILD_METADATA_ALL","Birth CBIR","CETERM",NA,"Mother",3263,"no"
"81","CHILD_113702","CHILD_113702",64,"What conditions did the mother have pre-labour? Infections","CHILD_METADATA_ALL","Birth CBIR","CETERM",NA,"Mother",3263,"no"
"82","CHILD_113703","CHILD_113703",65,"What conditions did the mother have pre-labour? Pregnancy Induced hypertension (preeclampsia)","CHILD_METADATA_ALL","Birth CBIR","CETERM",NA,"Mother",3263,"no"
"83","CHILD_113704","CHILD_113704",66,"What conditions did the mother have pre-labour? Gestational Diabetes","CHILD_METADATA_ALL","Birth CBIR","CETERM",NA,"Mother",3263,"no"
"84","CHILD_113705","CHILD_113705",67,"What conditions did the mother have pre-labour? Cardiac Disorder","CHILD_METADATA_ALL","Birth CBIR","CETERM",NA,"Mother",3263,"no"
"85","CHILD_113706","CHILD_113706",68,"What conditions did the mother have pre-labour? Hypertension","CHILD_METADATA_ALL","Birth CBIR","CETERM",NA,"Mother",3263,"no"
"86","CHILD_113707","CHILD_113707",69,"What conditions did the mother have pre-labour? Hypotension","CHILD_METADATA_ALL","Birth CBIR","CETERM",NA,"Mother",3263,"no"
"87","CHILD_113708","CHILD_113708",70,"What conditions did the mother have pre-labour? Not recorded","CHILD_METADATA_ALL",NA,NA,NA,NA,3263,"missing"
"88","CHILD_113709","CHILD_113709",71,"What conditions did the mother have pre-labour? None","CHILD_METADATA_ALL",NA,NA,NA,NA,3263,"missing"
"89","CHILD_113710","CHILD_113710",72,"What conditions did the mother have pre-labour? Other","CHILD_METADATA_ALL",NA,NA,NA,NA,3263,"missing"
"90","CHILD_113711","CHILD_113711",73,"What conditions did the mother have pre-labour? If other, specify","CHILD_METADATA_ALL","Birth CBIR","CETERM",NA,"Mother",3263,"no"
"91","CHILD_113728","CHILD_113728",74,"Method of delivery Indicate method of delivery","CHILD_METADATA_ALL",NA,"DELIVERY, CSECTYN",NA,NA,3263,"yes"
"92","CHILD_113729","CHILD_113729",75,"Method of delivery If other, specify","CHILD_METADATA_ALL",NA,"DELIVERY, CSECTYN",NA,NA,3263,"yes"
"93","CHILD_113749","CHILD_113749",76,"Antibiotics during delivery Antibiotics given?","CHILD_METADATA_ALL","Birth CBIR","CMTRT",NA,"Mother",3263,"no"
"94","CHILD_113781","CHILD_113781",77,"Pregnancy outcome","CHILD_METADATA_ALL",NA,"PREGOUT, DEAD, CAUSEDTH",NA,NA,3263,"yes"
"95","CHILD_113787","CHILD_113787",78,"Birth weight (grams)","CHILD_METADATA_ALL","Birth CBIR","BIRTHWT, WTKG",NA,NA,3263,"yes"
"96","CHILD_113788","CHILD_113788",79,"Gestational Age at delivery: Weeks","CHILD_METADATA_ALL",NA,"GAGEBRTH, GAGERW",NA,NA,3263,"yes"
"97","CHILD_113789","CHILD_113789",80,"Gestational Age at delivery: Days","CHILD_METADATA_ALL",NA,"GAGEBRTH, GAGERW",NA,NA,3263,"yes"
"98","CHILD_113790","CHILD_113790",81,"Birth length (cm)","CHILD_METADATA_ALL","Birth CBIR","BIRTHLEN, LENCM",NA,NA,3263,"yes"
"99","CHILD_113791","CHILD_113791",82,"Birth head circumference (cm)","CHILD_METADATA_ALL","Birth CBIR","BIRTHHC, HCIRCM",NA,NA,3263,"yes"
"100","CHILD_113824","CHILD_113824",83,"Breast feeding baby in hospital Was the mother breast feeding in the hospital?","CHILD_METADATA_ALL",NA,NA,NA,NA,3263,"missing"
"101","CHILD_113825","CHILD_113825",84,"Breast feeding baby in hospital If no, reason for not breast feeding","CHILD_METADATA_ALL",NA,NA,NA,NA,3263,"missing"
"102","CHILD_113826","CHILD_113826",85,"Were any supplements given to baby in hospital?","CHILD_METADATA_ALL",NA,NA,NA,NA,3263,"missing"
"308","CHILD_143537","CHILD_143537",86,"Date/age at time of questionnaire completion Date (month and year)","CHILD_METADATA_ALL","Birth CBIR","AGEDAYS",NA,NA,3263,"yes"
"327","CHILD_146892","CHILD_146892",87,"Date/age at time of questionnaire completion Subject s age at questionnaire completion (gestational weeks)","CHILD_METADATA_ALL","Birth CBIR","AGEDAYS, GAGEDAYS",NA,NA,3263,"yes"
"328","CHILD_146894","CHILD_146894",88,"Date/age at time of questionnaire completion Mother s age at questionnaire completion (years)","CHILD_METADATA_ALL",NA,NA,NA,NA,3263,"missing"
"395","CHILD_D1809","CHILD_D1809",89,"Was child fed any formula while in hospital? (Questionnaire   Chart Review) Infant feeding","CHILD_METADATA_ALL","Birth CBIR","FORMLKFL",NA,NA,3263,"yes"
"396","CHILD_D1810","CHILD_D1810",90,"Was infant breastfed at all while in hospital? (Questionnaire   Chart Review) Infant feeding","CHILD_METADATA_ALL","Birth CBIR","BFEDFL",NA,NA,3263,"yes"
"397","CHILD_D1811","CHILD_D1811",91,"Breastfeeding status while in hospital Infant feeding","CHILD_METADATA_ALL","Birth CBIR","BFEDFL, EXBFEDFL, FORMLKFL",NA,NA,3263,"yes"
"414","CHILD_D1828","CHILD_D1828",92,"Was child exclusively breastfed while in hospital? Infant feeding","CHILD_METADATA_ALL","Birth CBIR","EXBFEDFL",NA,NA,3263,"yes"
"419","CHILD_D1833","CHILD_D1833",93,"Any record of breastfeeding in hospital? (From the CHILD birth questionnaire) Infant feeding","CHILD_METADATA_ALL",NA,NA,NA,NA,3263,"missing"
"420","CHILD_D1834","CHILD_D1834",94,"Any record of formula feeding in hospital? (From the CHILD birth questionnaire) Infant feeding","CHILD_METADATA_ALL",NA,NA,NA,NA,3263,"missing"
"421","CHILD_D1835","CHILD_D1835",95,"Any record of breastfeeding in hospital? (From the chart review of Manitoba CHILD study participants) Infant feeding","CHILD_METADATA_ALL",NA,NA,NA,NA,3263,"missing"
"422","CHILD_D1836","CHILD_D1836",96,"Any record of formula feeding in hospital? (From the chart review of Manitoba CHILD study participants) Infant feeding","CHILD_METADATA_ALL",NA,NA,NA,NA,3263,"missing"
"425","EXACT_AGE_YEARS","exact_age_years",97,"Infant age at milk sample collection (age in years)","CHILD_METADATA_ALL","3M BM Collection","AGEDAYS, GFSTRESC","BMSAMCOL","Mother",3263,"yes"
"122","CHILD_11685","CHILD_11685",98,"Baby s weight (kg)","CHILD_METADATA_ALL","3 Months FU","WTKG",NA,NA,3263,"yes"
"123","CHILD_11686","CHILD_11686",99,"Baby s length (cm)","CHILD_METADATA_ALL","3 Months FU","LENCM",NA,NA,3263,"yes"
"124","CHILD_11687","CHILD_11687",100,"Baby s head circumference (cm)","CHILD_METADATA_ALL","3 Months FU","HCIRCM",NA,NA,3263,"yes"
"125","CHILD_11690","CHILD_11690",101,"How old was baby when s/he started the first cold? (weeks)","CHILD_METADATA_ALL","3 Months FU","CETERM, AGEDAYS",NA,"Child",3263,"no"
"126","CHILD_11691","CHILD_11691",102,"How long did the first cold last?","CHILD_METADATA_ALL","3 Months FU","CEDUR",NA,"Child",3263,"no"
"127","CHILD_11692","CHILD_11692",103,"What symptoms did baby have during the first cold? Cough","CHILD_METADATA_ALL","3 Months FU","CETERM",NA,"Child",3263,"no"
"128","CHILD_11694","CHILD_11694",104,"What symptoms did baby have during the first cold? Vomiting","CHILD_METADATA_ALL","3 Months FU","CETERM, VOMFL",NA,"Child",3263,"no"
"129","CHILD_11697","CHILD_11697",105,"What symptoms did baby have during the first cold? Diarrhea","CHILD_METADATA_ALL","3 Months FU","CETERM, DIARFL",NA,"Child",3263,"no"
"130","CHILD_11699","CHILD_11699",106,"What symptoms did baby have during the first cold? Fever","CHILD_METADATA_ALL","3 Months FU","CETERM",NA,"Child",3263,"no"
"131","CHILD_11705","CHILD_11705",107,"How old was baby when s/he started the second cold? (weeks)","CHILD_METADATA_ALL","3 Months FU","CETERM, AGEDAYS",NA,"Child",3263,"no"
"137","CHILD_11706","CHILD_11706",108,"How long did the second cold last?","CHILD_METADATA_ALL","3 Months FU","CEDUR",NA,"Child",3263,"no"
"139","CHILD_11707","CHILD_11707",109,"What symptoms did baby have during the second cold? Cough","CHILD_METADATA_ALL","3 Months FU","CETERM",NA,"Child",3263,"no"
"140","CHILD_11709","CHILD_11709",110,"What symptoms did baby have during the second cold? Vomiting","CHILD_METADATA_ALL","3 Months FU","CETERM, VOMFL",NA,"Child",3263,"no"
"141","CHILD_11712","CHILD_11712",111,"What symptoms did baby have during the second cold? Diarrhea","CHILD_METADATA_ALL","3 Months FU","CETERM, DIARFL",NA,"Child",3263,"no"
"149","CHILD_11714","CHILD_11714",112,"What symptoms did baby have during the second cold? Fever","CHILD_METADATA_ALL","3 Months FU","CETERM",NA,"Child",3263,"no"
"150","CHILD_11720","CHILD_11720",113,"How old was baby when s/he started the third cold? (weeks)","CHILD_METADATA_ALL","3 Months FU","CETERM, AGEDAYS",NA,"Child",3263,"no"
"151","CHILD_11721","CHILD_11721",114,"How long did the third cold last?","CHILD_METADATA_ALL","3 Months FU","CEDUR",NA,"Child",3263,"no"
"152","CHILD_11722","CHILD_11722",115,"What symptoms did baby have during the third cold? Cough","CHILD_METADATA_ALL","3 Months FU","CETERM",NA,"Child",3263,"no"
"153","CHILD_11724","CHILD_11724",116,"What symptoms did baby have during the third cold? Vomiting","CHILD_METADATA_ALL","3 Months FU","CETERM, VOMFL",NA,"Child",3263,"no"
"154","CHILD_11727","CHILD_11727",117,"What symptoms did baby have during the third cold? Diarrhea","CHILD_METADATA_ALL","3 Months FU","CETERM, DIARFL",NA,"Child",3263,"no"
"155","CHILD_11729","CHILD_11729",118,"What symptoms did baby have during the third cold? Fever","CHILD_METADATA_ALL","3 Months FU","CETERM",NA,"Child",3263,"no"
"156","CHILD_11755","CHILD_11755",119,"Coughing without a cold Has baby had any coughing episodes WITHOUT a cold since birth?","CHILD_METADATA_ALL","3 Months FU","CETERM",NA,"Child",3263,"no"
"157","CHILD_11756_MODIFIED","CHILD_11756_modified",120,"Coughing without a cold Cough episodes without a cold since birth (Derived from CHILD.11755 and CHILD.11756: If Yes, how many episodes?)","CHILD_METADATA_ALL","3 Months FU","NUMEPI",NA,"Child",3263,"no"
"158","CHILD_11757","CHILD_11757",121,"How old was baby when the FIRST coughing episode since birth started? (weeks)","CHILD_METADATA_ALL","3 Months FU","CETERM, AGEDAYS",NA,"Child",3263,"no"
"159","CHILD_11758","CHILD_11758",122,"How long did the first coughing episode last?","CHILD_METADATA_ALL","3 Months FU","CEDUR",NA,"Child",3263,"no"
"160","CHILD_11759","CHILD_11759",123,"How old was baby when the SECOND coughing episode since birth started? (weeks)","CHILD_METADATA_ALL","3 Months FU","CETERM, AGEDAYS",NA,"Child",3263,"no"
"161","CHILD_11760","CHILD_11760",124,"How long did the second coughing episode last?","CHILD_METADATA_ALL","3 Months FU","CEDUR",NA,"Child",3263,"no"
"162","CHILD_11763","CHILD_11763",125,"Occurrence of fever Has baby ever had a fever since birth?","CHILD_METADATA_ALL","3 Months FU","CETERM",NA,"Child",3263,"no"
"163","CHILD_11764_MODIFIED","CHILD_11764_modified",126,"Occurrence of fever Length (hr) of worst fever since birth, 0 if no fever since birth (Derived from CHILD.11763 and CHILD.11764: If Yes, how long did the WORST fever last?)","CHILD_METADATA_ALL","3 Months FU","CEDUR",NA,"Child",3263,"no"
"164","CHILD_11765","CHILD_11765",127,"Highest fever temperature Did you record the highest fever temperature?","CHILD_METADATA_ALL",NA,NA,NA,NA,3263,"missing"
"165","CHILD_11766","CHILD_11766",128,"Highest fever temperature If Yes, what was the highest fever temperature recorded? (celsius)","CHILD_METADATA_ALL","3 Months FU","VSSTRESN","TEMP","Child",3263,"yes"
"166","CHILD_11767","CHILD_11767",129,"Highest fever temperature What was the fever thought to be due to?","CHILD_METADATA_ALL","3 Months FU","CECMT",NA,"Child",3263,"no"
"168","CHILD_11800","CHILD_11800",130,"What symptoms did baby have with the allergic reaction to food? Vomiting","CHILD_METADATA_ALL","3 Months FU","CETERM, DIARFL",NA,"Child",3263,"no"
"169","CHILD_11803","CHILD_11803",131,"What symptoms did baby have with the allergic reaction to food? Diarrhea","CHILD_METADATA_ALL","3 Months FU","CETERM, VOMFL",NA,"Child",3263,"no"
"170","CHILD_11840","CHILD_11840",132,"Hospital admissions/stays Has baby had any hospital admissions/stays since birth?","CHILD_METADATA_ALL","3 Months FU","HOTERM",NA,"Child",3263,"no"
"171","CHILD_11841","CHILD_11841",133,"Hospital admissions/stays How many hospital admissions/stays?","CHILD_METADATA_ALL","3 Months FU","HOCMT",NA,"Child",3263,"no"
"172","CHILD_11842","CHILD_11842",134,"What was the reason(s) for these hospital stay(s)? Bad cold","CHILD_METADATA_ALL","3 Months FU","CETERM, CESHOSP, CESEVN",NA,"Child",3263,"no"
"173","CHILD_11843","CHILD_11843",135,"What was the reason(s) for these hospital stay(s)? Fever","CHILD_METADATA_ALL","3 Months FU","CETERM, CESHOSP, CESEVN",NA,"Child",3263,"no"
"174","CHILD_11844","CHILD_11844",136,"What was the reason(s) for these hospital stay(s)? Rash","CHILD_METADATA_ALL","3 Months FU","CETERM, CESHOSP, CESEVN",NA,"Child",3263,"no"
"175","CHILD_11845","CHILD_11845",137,"What was the reason(s) for these hospital stay(s)? Wheezing episode","CHILD_METADATA_ALL","3 Months FU","CETERM, CESHOSP, CESEVN",NA,"Child",3263,"no"
"176","CHILD_11846","CHILD_11846",138,"What was the reason(s) for these hospital stay(s)? Ear infection","CHILD_METADATA_ALL","3 Months FU","CETERM, CESHOSP, CESEVN",NA,"Child",3263,"no"
"177","CHILD_11847","CHILD_11847",139,"What was the reason(s) for these hospital stay(s)? Allergy","CHILD_METADATA_ALL","3 Months FU","CETERM, CESHOSP, CESEVN",NA,"Child",3263,"no"
"178","CHILD_11848","CHILD_11848",140,"What was the reason(s) for these hospital stay(s)? Asthma attack","CHILD_METADATA_ALL","3 Months FU","CETERM, CESHOSP, CESEVN",NA,"Child",3263,"no"
"179","CHILD_11849","CHILD_11849",141,"What was the reason(s) for these hospital stay(s)? Chest infection","CHILD_METADATA_ALL","3 Months FU","CETERM, CESHOSP, CESEVN",NA,"Child",3263,"no"
"180","CHILD_11850","CHILD_11850",142,"What was the reason(s) for these hospital stay(s)? Accident","CHILD_METADATA_ALL","3 Months FU","CETERM, CESHOSP, CESEVN",NA,"Child",3263,"no"
"181","CHILD_11851","CHILD_11851",143,"What was the reason(s) for these hospital stay(s)? Coughing episode","CHILD_METADATA_ALL","3 Months FU","CETERM, CESHOSP, CESEVN",NA,"Child",3263,"no"
"182","CHILD_11852","CHILD_11852",144,"What was the reason(s) for these hospital stay(s)? Other illness(es)","CHILD_METADATA_ALL","3 Months FU","CETERM, CESHOSP, CESEVN",NA,"Child",3263,"no"
"183","CHILD_11854","CHILD_11854",145,"How long was the longest hospital stay?","CHILD_METADATA_ALL","3 Months FU","HODUR",NA,"Child",3263,"no"
"184","CHILD_11855","CHILD_11855",146,"What procedures were performed on baby during any hospital stay(s) since birth? Intubation (breathing tube)","CHILD_METADATA_ALL","3 Months FU","PRTRT",NA,"Child",3263,"no"
"185","CHILD_11856","CHILD_11856",147,"What procedures were performed on baby during any hospital stay(s) since birth? Blood tests","CHILD_METADATA_ALL","3 Months FU","PRTRT",NA,"Child",3263,"no"
"186","CHILD_11857","CHILD_11857",148,"What procedures were performed on baby during any hospital stay(s) since birth? Facemask or puffer for giving medicine","CHILD_METADATA_ALL","3 Months FU","PRTRT",NA,"Child",3263,"no"
"187","CHILD_11858","CHILD_11858",149,"What procedures were performed on baby during any hospital stay(s) since birth? Intravenous fluids","CHILD_METADATA_ALL","3 Months FU","PRTRT",NA,"Child",3263,"no"
"188","CHILD_11859","CHILD_11859",150,"What procedures were performed on baby during any hospital stay(s) since birth? Oxygen","CHILD_METADATA_ALL","3 Months FU","PRTRT",NA,"Child",3263,"no"
"189","CHILD_11860","CHILD_11860",151,"What procedures were performed on baby during any hospital stay(s) since birth? Other","CHILD_METADATA_ALL",NA,NA,NA,NA,3263,"missing"
"190","CHILD_11861","CHILD_11861",152,"What procedures were performed on baby during any hospital stay(s) since birth? If Other, specify:","CHILD_METADATA_ALL","3 Months FU","PRTRT",NA,"Child",3263,"no"
"191","CHILD_11862","CHILD_11862",153,"Was your baby in the intensive care unit during ANY hospital stays?","CHILD_METADATA_ALL","3 Months FU","HOTERM",NA,"Child",3263,"no"
"192","CHILD_11863","CHILD_11863",154,"Colds, coughs, and wheezing during hospital stays Were any hospital stay(s) associated with colds, coughs, or wheezing?","CHILD_METADATA_ALL","3 Months FU","HOTERM",NA,"Child",3263,"no"
"193","CHILD_11864_MODIFIED","CHILD_11864_modified",155,"Colds, coughs, and wheezing during hospital stays Number of hospital stay(s) since birth associated with colds, coughs, or wheezing (Derived from CHILD.11863 and CHILD.11864: If Yes, how many stays?)","CHILD_METADATA_ALL","3 Months FU","HOCMT",NA,"Child",3263,"no"
"314","CHILD_143657","CHILD_143657",156,"Date/age at time of questionnaire completion Date (month and year)","CHILD_METADATA_ALL",NA,NA,NA,NA,3263,"missing"
"331","CHILD_150610","CHILD_150610",157,"Date/age at time of questionnaire completion What is TODAY S DATE?","CHILD_METADATA_ALL",NA,NA,NA,NA,3263,"missing"
"332","CHILD_150611","CHILD_150611",158,"Date/age at time of questionnaire completion Date (month and year)","CHILD_METADATA_ALL",NA,NA,NA,NA,3263,"missing"
"307","CHILD_143373","CHILD_143373",159,"Date/age at time of questionnaire completion Date (month and year)","CHILD_METADATA_ALL",NA,NA,NA,NA,3263,"missing"
"11","CHILD_102801","CHILD_102801",160,"Type of flooring in child s most-used living space Installed carpet","CHILD_METADATA_ALL","3 Months FU","SSSTRESC","FLOOR",NA,3263,"yes"
"12","CHILD_102802","CHILD_102802",161,"Type of flooring in child s most-used living space Hard vinyl (tiles)","CHILD_METADATA_ALL","3 Months FU","SSSTRESC","FLOOR",NA,3263,"yes"
"13","CHILD_102803","CHILD_102803",162,"Type of flooring in child s most-used living space Laminate","CHILD_METADATA_ALL","3 Months FU","SSSTRESC","FLOOR",NA,3263,"yes"
"14","CHILD_102804","CHILD_102804",163,"Type of flooring in child s most-used living space Area rug(s)","CHILD_METADATA_ALL","3 Months FU","SSSTRESC","FLOOR",NA,3263,"yes"
"15","CHILD_102805","CHILD_102805",164,"Type of flooring in child s most-used living space Soft vinyl (tiles/sheet)","CHILD_METADATA_ALL","3 Months FU","SSSTRESC","FLOOR",NA,3263,"yes"
"16","CHILD_102806","CHILD_102806",165,"Type of flooring in child s most-used living space Hardwood","CHILD_METADATA_ALL","3 Months FU","SSSTRESC","FLOOR",NA,3263,"yes"
"17","CHILD_102807","CHILD_102807",166,"Type of flooring in child s most-used living space Other","CHILD_METADATA_ALL","3 Months FU","SSSTRESC","FLOOR",NA,3263,"yes"
"18","CHILD_102808","CHILD_102808",167,"Type of flooring in child s most-used living space Ceramic tiles","CHILD_METADATA_ALL","3 Months FU","SSSTRESC","FLOOR",NA,3263,"yes"
"19","CHILD_102809","CHILD_102809",168,"Type of flooring in child s most-used living space If Other (cork, unfinished wood), specify:","CHILD_METADATA_ALL","3 Months FU","SSSTRESC","FLOOR",NA,3263,"yes"
"20","CHILD_102810","CHILD_102810",169,"Age of floor in child s most-used living space","CHILD_METADATA_ALL","3 Months FU","SSSTRESC","FLOORAGE",NA,3263,"yes"
"103","CHILD_116211","CHILD_116211",170,"How many bedrooms are there in your home? (including in basement if it is your living space)","CHILD_METADATA_ALL","3 Months FU","SSSTRESN","NBEDROOM",NA,3263,"yes"
"104","CHILD_116212","CHILD_116212",171,"How many people currently live in your home? Adults","CHILD_METADATA_ALL","3 Months FU","SSSTRESN","NADULT",NA,3263,"yes"
"105","CHILD_116213","CHILD_116213",172,"How many people currently live in your home? Children","CHILD_METADATA_ALL","3 Months FU","SSSTRESN","NCHLD",NA,3263,"yes"
"106","CHILD_116516","CHILD_116516",173,"Do you have a cooking appliance(s) that you use to cook food inside your home?","CHILD_METADATA_ALL",NA,NA,NA,NA,3263,"missing"
"107","CHILD_116517","CHILD_116517",174,"If Yes, what type of cooking appliance(s) do you have? Gas/Propane stove","CHILD_METADATA_ALL","3 Months FU","SSSTRESC","COOKSTOV",NA,3263,"yes"
"108","CHILD_116518","CHILD_116518",175,"If Yes, what type of cooking appliance(s) do you have? Wood burning stove","CHILD_METADATA_ALL","3 Months FU","SSSTRESC","COOKSTOV",NA,3263,"yes"
"109","CHILD_116519","CHILD_116519",176,"If Yes, what type of cooking appliance(s) do you have? Electric stove","CHILD_METADATA_ALL","3 Months FU","SSSTRESC","COOKSTOV",NA,3263,"yes"
"110","CHILD_116520","CHILD_116520",177,"If Yes, what type of cooking appliance(s) do you have? Other","CHILD_METADATA_ALL",NA,NA,NA,NA,3263,"missing"
"111","CHILD_116521","CHILD_116521",178,"If Yes, what type of cooking appliance(s) do you have? If other, specify","CHILD_METADATA_ALL","3 Months FU","SSSTRESC","COOKSTOV",NA,3263,"yes"
"112","CHILD_116591","CHILD_116591",179,"What type of fuel heats your home? Gas/Propane","CHILD_METADATA_ALL","3 Months FU","SSSTRESC","COOKFUEL",NA,3263,"yes"
"113","CHILD_116592","CHILD_116592",180,"What type of fuel heats your home? Wood/Pellet","CHILD_METADATA_ALL","3 Months FU","SSSTRESC","COOKFUEL",NA,3263,"yes"
"114","CHILD_116593","CHILD_116593",181,"What type of fuel heats your home? Oil","CHILD_METADATA_ALL","3 Months FU","SSSTRESC","COOKFUEL",NA,3263,"yes"
"115","CHILD_116594","CHILD_116594",182,"What type of fuel heats your home? Other","CHILD_METADATA_ALL","3 Months FU","SSSTRESC","COOKFUEL",NA,3263,"yes"
"116","CHILD_116595","CHILD_116595",183,"What type of fuel heats your home? Electric","CHILD_METADATA_ALL","3 Months FU","SSSTRESC","COOKFUEL",NA,3263,"yes"
"117","CHILD_116596","CHILD_116596",184,"What type of fuel heats your home? Don t know","CHILD_METADATA_ALL",NA,NA,NA,NA,3263,"missing"
"118","CHILD_116597","CHILD_116597",185,"What type of fuel heats your home? If Other type of fuel, specify:","CHILD_METADATA_ALL","3 Months FU","SSSTRESC","COOKFUEL",NA,3263,"yes"
"320","CHILD_144073","CHILD_144073",186,"Date/age at time of questionnaire completion Date (month and year)","CHILD_METADATA_ALL",NA,NA,NA,NA,3263,"missing"
"388","CHILD_D1802","CHILD_D1802",187,"Breastfeeding at 3 Months (final) Infant feeding","CHILD_METADATA_ALL","3 Months FU","BFEDFL",NA,NA,3263,"yes"
"400","CHILD_D1814","CHILD_D1814",188,"Exclusive Breastfeeding at 3 Months Infant feeding","CHILD_METADATA_ALL","3 Months FU","EXBFEDFL",NA,NA,3263,"yes"
"401","CHILD_D1815","CHILD_D1815",189,"Lifetime Exclusive Breastfeeding at 3 Months Infant feeding","CHILD_METADATA_ALL",NA,NA,NA,NA,3263,"missing"
"404","CHILD_D1818","CHILD_D1818",190,"Breastfeeding status at 3 Months: (exclusive breastfeeding, exclusive after hospital, partial, or zero) Infant feeding","CHILD_METADATA_ALL",NA,NA,NA,NA,3263,"missing"
"405","CHILD_D1819","CHILD_D1819",191,"Lifetime Breastfeeding status at 3 Months Infant feeding","CHILD_METADATA_ALL",NA,NA,NA,NA,3263,"missing"
"408","CHILD_D1822","CHILD_D1822",192,"Solids before 3 Months Infant feeding","CHILD_METADATA_ALL","3 Months FU","SLDFED_R",NA,NA,3263,"yes"
"410","CHILD_D1824","CHILD_D1824",193,"Formula before 3 Months Infant feeding","CHILD_METADATA_ALL","3 Months FU","FORMLK_R",NA,NA,3263,"yes"
"412","CHILD_D1826","CHILD_D1826",194,"Nutrition sources for infant s diet at 3 Months: Breastmilk, formula, and/or solid food Infant feeding","CHILD_METADATA_ALL",NA,"FEEDING, FEEDINGN",NA,NA,3263,"yes"
"194","CHILD_11885","CHILD_11885",195,"Baby s first cold How old was baby when s/he started the first cold during this period? (months)","CHILD_METADATA_ALL","6 Months FU","CETERM, AGEDAYS",NA,"Child",3263,"no"
"195","CHILD_11886","CHILD_11886",196,"Baby s first cold How long did this first cold last?","CHILD_METADATA_ALL","6 Months FU","CEDUR",NA,"Child",3263,"no"
"196","CHILD_11887","CHILD_11887",197,"What symptoms did baby have during this FIRST cold? Cough","CHILD_METADATA_ALL","6 Months FU","CETERM",NA,"Child",3263,"no"
"197","CHILD_11889","CHILD_11889",198,"What symptoms did baby have during this FIRST cold? Vomitting","CHILD_METADATA_ALL","6 Months FU","CETERM, VOMFL",NA,"Child",3263,"no"
"198","CHILD_11892","CHILD_11892",199,"What symptoms did baby have during this FIRST cold? Diarrhea","CHILD_METADATA_ALL","6 Months FU","CETERM, DIARFL",NA,"Child",3263,"no"
"199","CHILD_11894","CHILD_11894",200,"What symptoms did baby have during this FIRST cold? Fever","CHILD_METADATA_ALL","6 Months FU","CETERM",NA,"Child",3263,"no"
"200","CHILD_11899","CHILD_11899",201,"Baby s second cold Did baby have a second cold during this period?","CHILD_METADATA_ALL",NA,NA,NA,NA,3263,"missing"
"201","CHILD_11900","CHILD_11900",202,"Baby s second cold How old was baby when s/he started this cold? (months)","CHILD_METADATA_ALL","6 Months FU","CETERM, AGEDAYS",NA,"Child",3263,"no"
"202","CHILD_11901","CHILD_11901",203,"Baby s second cold How long did this second cold last?","CHILD_METADATA_ALL","6 Months FU","CEDUR",NA,"Child",3263,"no"
"203","CHILD_11902","CHILD_11902",204,"What symptoms did baby have during this SECOND cold? Cough","CHILD_METADATA_ALL","6 Months FU","CETERM",NA,"Child",3263,"no"
"204","CHILD_11904","CHILD_11904",205,"What symptoms did baby have during this SECOND cold? Vomitting","CHILD_METADATA_ALL","6 Months FU","CETERM, VOMFL",NA,"Child",3263,"no"
"205","CHILD_11907","CHILD_11907",206,"What symptoms did baby have during this SECOND cold? Diarrhea","CHILD_METADATA_ALL","6 Months FU","CETERM, DIARFL",NA,"Child",3263,"no"
"206","CHILD_11909","CHILD_11909",207,"What symptoms did baby have during this SECOND cold? Fever","CHILD_METADATA_ALL","6 Months FU","CETERM",NA,"Child",3263,"no"
"207","CHILD_11914","CHILD_11914",208,"Baby s third cold Did baby have a third cold during this period?","CHILD_METADATA_ALL",NA,NA,NA,NA,3263,"missing"
"53","CHILD_103296","CHILD_103296",209,"Baby s third cold How old was baby when s/he started the this cold? (months)","CHILD_METADATA_ALL","6 Months FU","CETERM, AGEDAYS",NA,"Child",3263,"no"
"208","CHILD_11915","CHILD_11915",210,"Baby s third cold How old was baby when s/he started the this cold? (months)","CHILD_METADATA_ALL",NA,NA,NA,NA,3263,"missing"
"209","CHILD_11916","CHILD_11916",211,"Baby s third cold How long did this third cold last?","CHILD_METADATA_ALL","6 Months FU","CEDUR",NA,"Child",3263,"no"
"210","CHILD_11917","CHILD_11917",212,"What symptoms did baby have during this THIRD cold? Cough","CHILD_METADATA_ALL","6 Months FU","CETERM, VOMFL",NA,"Child",3263,"no"
"211","CHILD_11919","CHILD_11919",213,"What symptoms did baby have during this THIRD cold? Vomitting","CHILD_METADATA_ALL","6 Months FU","CETERM, DIARFL",NA,"Child",3263,"no"
"212","CHILD_11922","CHILD_11922",214,"What symptoms did baby have during this THIRD cold? Diarrhea","CHILD_METADATA_ALL","6 Months FU","CETERM",NA,"Child",3263,"no"
"213","CHILD_11924","CHILD_11924",215,"What symptoms did baby have during this THIRD cold? Fever","CHILD_METADATA_ALL","6 Months FU","CETERM",NA,"Child",3263,"no"
"214","CHILD_11951","CHILD_11951",216,"Coughing episodes WITHOUT a cold Has baby had any coughing episodes WITHOUT a cold between 3 and 6 months of age?","CHILD_METADATA_ALL","6 Months FU","CETERM",NA,"Child",3263,"no"
"167","CHILD_117883_MODIFIED","CHILD_117883_modified",217,"Coughing episodes WITHOUT a cold Cough episodes without a cold between 3 and 6 months (Derived from CHILD.11951 and CHILD.117883: If Yes, how many episodes:)","CHILD_METADATA_ALL","6 Months FU","NUMEPI",NA,"Child",3263,"no"
"215","CHILD_11953","CHILD_11953",218,"Baby s FIRST coughing episode How old was baby when the first coughing episode during this period started: (months)","CHILD_METADATA_ALL","6 Months FU","CETERM, AGEDAYS",NA,"Child",3263,"no"
"216","CHILD_11954","CHILD_11954",219,"Baby s FIRST coughing episode Duration of cough in this episode:","CHILD_METADATA_ALL","6 Months FU","CEDUR",NA,"Child",3263,"no"
"217","CHILD_11956","CHILD_11956",220,"Baby s SECOND coughing episode How old was baby when the second coughing episode started? (months)","CHILD_METADATA_ALL","6 Months FU","CETERM, AGEDAYS",NA,"Child",3263,"no"
"218","CHILD_11957","CHILD_11957",221,"Baby s SECOND coughing episode Duration of cough in this episode","CHILD_METADATA_ALL","6 Months FU","CEDUR",NA,"Child",3263,"no"
"219","CHILD_11960","CHILD_11960",222,"Fever Has baby ever had a fever between 3 and 6 months of age?","CHILD_METADATA_ALL","6 Months FU","CETERM",NA,"Child",3263,"no"
"220","CHILD_11961_MODIFIED","CHILD_11961_modified",223,"Fever Length (hr) of worst fever between 3 and 6 months, 0 if no fever in time period (Derived from CHILD.11960 and CHILD.11961: If Yes, how long did the WORST fever last?)","CHILD_METADATA_ALL","6 Months FU","CEDUR",NA,"Child",3263,"no"
"221","CHILD_11962","CHILD_11962",224,"Fever Did you record the highest fever temperature?","CHILD_METADATA_ALL",NA,NA,NA,NA,3263,"missing"
"222","CHILD_11963","CHILD_11963",225,"Fever If Yes, what was the highest fever temperature recorded? (Celsuis)","CHILD_METADATA_ALL","6 Months FU","VSSTRESN","TEMP","Child",3263,"yes"
"223","CHILD_11964","CHILD_11964",226,"Fever What was the fever thought to be due to?","CHILD_METADATA_ALL","6 Months FU","CECMT",NA,"Child",3263,"no"
"224","CHILD_11998","CHILD_11998",227,"What symptoms did baby have with the allergic reaction to food? Vomitting","CHILD_METADATA_ALL","6 Months FU","CETERM, DIARFL",NA,"Child",3263,"no"
"225","CHILD_12001","CHILD_12001",228,"What symptoms did baby have with the allergic reaction to food? Diarrhea","CHILD_METADATA_ALL","6 Months FU","CETERM, VOMFL",NA,"Child",3263,"no"
"226","CHILD_12038","CHILD_12038",229,"Baby s hospital admissions Has baby had any hospital admissions/stays between 3 and 6 months of age?","CHILD_METADATA_ALL","6 Months FU","HOTERM",NA,"Child",3263,"no"
"227","CHILD_12039","CHILD_12039",230,"Baby s hospital admissions How many hospital admissions/stays?","CHILD_METADATA_ALL","6 Months FU","HOCMT",NA,"Child",3263,"no"
"228","CHILD_12040","CHILD_12040",231,"What was the reason(s) for these hospital stay(s) between the ages of 3 and 6 months? Bad cold","CHILD_METADATA_ALL","6 Months FU","CETERM, CESHOSP, CESEVN",NA,"Child",3263,"no"
"229","CHILD_12041","CHILD_12041",232,"What was the reason(s) for these hospital stay(s) between the ages of 3 and 6 months? Fever","CHILD_METADATA_ALL","6 Months FU","CETERM, CESHOSP, CESEVN",NA,"Child",3263,"no"
"230","CHILD_12042","CHILD_12042",233,"What was the reason(s) for these hospital stay(s) between the ages of 3 and 6 months? Rash","CHILD_METADATA_ALL","6 Months FU","CETERM, CESHOSP, CESEVN",NA,"Child",3263,"no"
"231","CHILD_12043","CHILD_12043",234,"What was the reason(s) for these hospital stay(s) between the ages of 3 and 6 months? Wheezing episode","CHILD_METADATA_ALL","6 Months FU","CETERM, CESHOSP, CESEVN",NA,"Child",3263,"no"
"232","CHILD_12044","CHILD_12044",235,"What was the reason(s) for these hospital stay(s) between the ages of 3 and 6 months? Ear infection","CHILD_METADATA_ALL","6 Months FU","CETERM, CESHOSP, CESEVN",NA,"Child",3263,"no"
"233","CHILD_12045","CHILD_12045",236,"What was the reason(s) for these hospital stay(s) between the ages of 3 and 6 months? Allergy","CHILD_METADATA_ALL","6 Months FU","CETERM, CESHOSP, CESEVN",NA,"Child",3263,"no"
"234","CHILD_12046","CHILD_12046",237,"What was the reason(s) for these hospital stay(s) between the ages of 3 and 6 months? Asthma attack","CHILD_METADATA_ALL","6 Months FU","CETERM, CESHOSP, CESEVN",NA,"Child",3263,"no"
"235","CHILD_12047","CHILD_12047",238,"What was the reason(s) for these hospital stay(s) between the ages of 3 and 6 months? Chest infection","CHILD_METADATA_ALL","6 Months FU","CETERM, CESHOSP, CESEVN",NA,"Child",3263,"no"
"236","CHILD_12048","CHILD_12048",239,"What was the reason(s) for these hospital stay(s) between the ages of 3 and 6 months? Accident","CHILD_METADATA_ALL","6 Months FU","CETERM, CESHOSP, CESEVN",NA,"Child",3263,"no"
"237","CHILD_12049","CHILD_12049",240,"What was the reason(s) for these hospital stay(s) between the ages of 3 and 6 months? Coughing episode","CHILD_METADATA_ALL","6 Months FU","CETERM, CESHOSP, CESEVN",NA,"Child",3263,"no"
"238","CHILD_12050","CHILD_12050",241,"What was the reason(s) for these hospital stay(s) between the ages of 3 and 6 months? Other illness(es)","CHILD_METADATA_ALL","6 Months FU","CETERM, CESHOSP, CESEVN",NA,"Child",3263,"no"
"239","CHILD_12052","CHILD_12052",242,"How long was the longest hospital stay?","CHILD_METADATA_ALL","6 Months FU","HODUR",NA,"Child",3263,"no"
"240","CHILD_12053","CHILD_12053",243,"What procedures were performed on baby during these hospital stay(s)? Intubation (breathing tube)","CHILD_METADATA_ALL","6 Months FU","PRTRT",NA,"Child",3263,"no"
"241","CHILD_12054","CHILD_12054",244,"What procedures were performed on baby during these hospital stay(s)? Blood tests","CHILD_METADATA_ALL","6 Months FU","PRTRT",NA,"Child",3263,"no"
"242","CHILD_12055","CHILD_12055",245,"What procedures were performed on baby during these hospital stay(s)? Facemask or puffer for giving medicine","CHILD_METADATA_ALL","6 Months FU","PRTRT",NA,"Child",3263,"no"
"243","CHILD_12056","CHILD_12056",246,"What procedures were performed on baby during these hospital stay(s)? Intravenous fluids","CHILD_METADATA_ALL","6 Months FU","PRTRT",NA,"Child",3263,"no"
"244","CHILD_12057","CHILD_12057",247,"What procedures were performed on baby during these hospital stay(s)? Oxygen","CHILD_METADATA_ALL","6 Months FU","PRTRT",NA,"Child",3263,"no"
"245","CHILD_12058","CHILD_12058",248,"What procedures were performed on baby during these hospital stay(s)? Other","CHILD_METADATA_ALL","6 Months FU","PRTRT",NA,"Child",3263,"no"
"246","CHILD_12060","CHILD_12060",249,"Baby s intensive care unit admissions Was your baby in the intensive care unit during ANY of these hospital stays?","CHILD_METADATA_ALL","6 Months FU","HOTERM",NA,"Child",3263,"no"
"247","CHILD_12061","CHILD_12061",250,"Baby s intensive care unit admissions Were any of these hospital stay(s) associated with colds, coughs, or wheezing?","CHILD_METADATA_ALL","6 Months FU","HOTERM",NA,"Child",3263,"no"
"248","CHILD_12062_MODIFIED","CHILD_12062_modified",251,"Baby s intensive care unit admissions Number of hospital stay(s) between 3 and 6 months of age associated with colds, coughs, or wheezing (Derived from CHILD.12061 and CHILD.12062: If Yes, how many stays?)","CHILD_METADATA_ALL","6 Months FU","HOCMT",NA,"Child",3263,"no"
"315","CHILD_143661","CHILD_143661",252,"Date/age at time of questionnaire completion Date (month and year)","CHILD_METADATA_ALL",NA,NA,NA,NA,3263,"missing"
"333","CHILD_150709","CHILD_150709",253,"Date/age at time of questionnaire completion What is TODAY S DATE? Use calendar icon to select date.","CHILD_METADATA_ALL",NA,NA,NA,NA,3263,"missing"
"334","CHILD_150710","CHILD_150710",254,"Date/age at time of questionnaire completion Date (month and year)","CHILD_METADATA_ALL",NA,NA,NA,NA,3263,"missing"
"389","CHILD_D1803","CHILD_D1803",255,"Breastfeeding at 6 Months (final) Infant feeding","CHILD_METADATA_ALL","6 Months FU","BFEDFL",NA,NA,3263,"yes"
"402","CHILD_D1816","CHILD_D1816",256,"Exclusive Breastfeeding at 6 Months Infant feeding","CHILD_METADATA_ALL","6 Months FU","EXBFEDFL",NA,NA,3263,"yes"
"403","CHILD_D1817","CHILD_D1817",257,"Lifetime Exclusive Breastfeeding at 6 Months Infant feeding","CHILD_METADATA_ALL",NA,NA,NA,NA,3263,"missing"
"406","CHILD_D1820","CHILD_D1820",258,"Breastfeeding status at 6 Months: (exclusive breastfeeding, exclusive after hospital, partial, or zero) Infant feeding","CHILD_METADATA_ALL",NA,NA,NA,NA,3263,"missing"
"407","CHILD_D1821","CHILD_D1821",259,"Lifetime Breastfeeding status at 6 Months Infant feeding","CHILD_METADATA_ALL",NA,NA,NA,NA,3263,"missing"
"409","CHILD_D1823","CHILD_D1823",260,"Solids before 6 Months Infant feeding","CHILD_METADATA_ALL","6 Months FU","SLDFED_R",NA,NA,3263,"yes"
"411","CHILD_D1825","CHILD_D1825",261,"Formula before 6 Months Infant feeding","CHILD_METADATA_ALL","6 Months FU","FORMLK_R",NA,NA,3263,"yes"
"413","CHILD_D1827","CHILD_D1827",262,"Nutrition sources for infant s diet at 6 Months: Breastmilk, formula, and/or solid food Infant feeding","CHILD_METADATA_ALL",NA,"FEEDING, FEEDINGN",NA,NA,3263,"yes"
"390","CHILD_D1804","CHILD_D1804",263,"Breastfeeding at 9 Months (final) Infant feeding","CHILD_METADATA_ALL","9 Months FU","BFEDFL",NA,NA,3263,"yes"
"335","CHILD_97012","CHILD_97012",264,"Anthropometrics Child s weight (kg)","CHILD_METADATA_ALL","1 Year FU","WTKG",NA,NA,3263,"yes"
"336","CHILD_97013","CHILD_97013",265,"Anthropometrics Child s length (cm)","CHILD_METADATA_ALL","1 Year FU","LENCM",NA,NA,3263,"yes"
"337","CHILD_97014","CHILD_97014",266,"Anthropometrics Child s head circumference (cm)","CHILD_METADATA_ALL","1 Year FU","HCIRCM",NA,NA,3263,"yes"
"309","CHILD_143549","CHILD_143549",267,"Date/age at time of questionnaire completion Date (month and year)","CHILD_METADATA_ALL","1 Year FU","AGEDAYS",NA,NA,3263,"yes"
"249","CHILD_12334","CHILD_12334",268,"First cold during last 6 months How old was your child when s/he started the first cold during the last 6 months? (Months)","CHILD_METADATA_ALL","1 Year FU","CETERM, AGEDAYS",NA,"Child",3263,"no"
"250","CHILD_12335","CHILD_12335",269,"How long did this cold last?","CHILD_METADATA_ALL","1 Year FU","CEDUR",NA,"Child",3263,"no"
"251","CHILD_12336","CHILD_12336",270,"What symptoms did your child have during their first cold within the last 6 months? Cough","CHILD_METADATA_ALL","1 Year FU","CETERM",NA,"Child",3263,"no"
"252","CHILD_12338","CHILD_12338",271,"What symptoms did your child have during their first cold within the last 6 months? Vomiting","CHILD_METADATA_ALL","1 Year FU","CETERM, DIARFL",NA,"Child",3263,"no"
"253","CHILD_12341","CHILD_12341",272,"What symptoms did your child have during their first cold within the last 6 months? Diarrhea","CHILD_METADATA_ALL","1 Year FU","CETERM, VOMFL",NA,"Child",3263,"no"
"254","CHILD_12343","CHILD_12343",273,"What symptoms did your child have during their first cold within the last 6 months? Fever","CHILD_METADATA_ALL","1 Year FU","CETERM",NA,"Child",3263,"no"
"255","CHILD_12349","CHILD_12349",274,"Second cold during last 6 months How old was your child when s/he started this cold? (months)","CHILD_METADATA_ALL","1 Year FU","CETERM, AGEDAYS",NA,"Child",3263,"no"
"256","CHILD_12350","CHILD_12350",275,"Second cold during last 6 months How long did this cold last?","CHILD_METADATA_ALL","1 Year FU","CEDUR",NA,"Child",3263,"no"
"257","CHILD_12351","CHILD_12351",276,"What symptoms did your child have during their second cold within the last 6 months? Cough","CHILD_METADATA_ALL","1 Year FU","CETERM",NA,"Child",3263,"no"
"258","CHILD_12353","CHILD_12353",277,"What symptoms did your child have during their second cold within the last 6 months? Vomiting","CHILD_METADATA_ALL","1 Year FU","CETERM, DIARFL",NA,"Child",3263,"no"
"259","CHILD_12356","CHILD_12356",278,"What symptoms did your child have during their second cold within the last 6 months? Diarrhea","CHILD_METADATA_ALL","1 Year FU","CETERM, VOMFL",NA,"Child",3263,"no"
"260","CHILD_12358","CHILD_12358",279,"What symptoms did your child have during their second cold within the last 6 months? Fever","CHILD_METADATA_ALL","1 Year FU","CETERM",NA,"Child",3263,"no"
"261","CHILD_12364","CHILD_12364",280,"Third cold during last 6 months How old was your child when s/he started the this cold? (months)","CHILD_METADATA_ALL","1 Year FU","CETERM, AGEDAYS",NA,"Child",3263,"no"
"262","CHILD_12365","CHILD_12365",281,"Third cold during last 6 months How long did this cold last?","CHILD_METADATA_ALL","1 Year FU","CEDUR",NA,"Child",3263,"no"
"263","CHILD_12366","CHILD_12366",282,"What symptoms did your child have during their third cold within the last 6 months? Cough","CHILD_METADATA_ALL","1 Year FU","CETERM",NA,"Child",3263,"no"
"264","CHILD_12368","CHILD_12368",283,"What symptoms did your child have during their third cold within the last 6 months? Vomiting","CHILD_METADATA_ALL","1 Year FU","CETERM, DIARFL",NA,"Child",3263,"no"
"265","CHILD_12371","CHILD_12371",284,"What symptoms did your child have during their third cold within the last 6 months? Diarrhea","CHILD_METADATA_ALL","1 Year FU","CETERM, VOMFL",NA,"Child",3263,"no"
"266","CHILD_12373","CHILD_12373",285,"What symptoms did your child have during their third cold within the last 6 months? Fever","CHILD_METADATA_ALL","1 Year FU","CETERM",NA,"Child",3263,"no"
"267","CHILD_12398","CHILD_12398",286,"Coughing without a cold Has your child had any episodes of coughing WITHOUT a cold in the last 6 months?","CHILD_METADATA_ALL","1 Year FU","CETERM",NA,"Child",3263,"no"
"268","CHILD_12399_MODIFIED","CHILD_12399_modified",287,"Coughing without a cold Cough episodes without a cold in last 6 months (Derived from CHILD.12398 and CHILD.12399: If yes, how many episodes?)","CHILD_METADATA_ALL","1 Year FU","NUMEPI",NA,"Child",3263,"no"
"269","CHILD_12400","CHILD_12400",288,"First coughing episode How old was your child when the first coughing episode during this period started? (months)","CHILD_METADATA_ALL","1 Year FU","CETERM, AGEDAYS",NA,"Child",3263,"no"
"270","CHILD_12401","CHILD_12401",289,"First coughing episode Duration of cough in this episode:","CHILD_METADATA_ALL","1 Year FU","CEDUR",NA,"Child",3263,"no"
"271","CHILD_12402","CHILD_12402",290,"Second coughing episode How old was your child when the second coughing episode started? (months)","CHILD_METADATA_ALL","1 Year FU","CETERM, AGEDAYS",NA,"Child",3263,"no"
"272","CHILD_12403","CHILD_12403",291,"Second coughing episode Duration of cough in this episode:","CHILD_METADATA_ALL","1 Year FU","CEDUR",NA,"Child",3263,"no"
"273","CHILD_12406","CHILD_12406",292,"Fever in last 6 months Has your child ever had a fever in the last 6 months?","CHILD_METADATA_ALL","1 Year FU","CETERM",NA,"Child",3263,"no"
"274","CHILD_12407","CHILD_12407",293,"Fever in last 6 months How long did the WORST fever last?","CHILD_METADATA_ALL","1 Year FU","CEDUR",NA,"Child",3263,"no"
"275","CHILD_12408","CHILD_12408",294,"Fever in last 6 months Did you record the highest fever temperature?","CHILD_METADATA_ALL",NA,NA,NA,NA,3263,"missing"
"276","CHILD_12409","CHILD_12409",295,"Fever in last 6 months If Yes, what was the highest fever temperature recorded? (Celsuis)","CHILD_METADATA_ALL","1 Year FU","VSSTRESN","TEMP","Child",3263,"yes"
"277","CHILD_12410","CHILD_12410",296,"Fever in last 6 months What was the fever thought to be due to?","CHILD_METADATA_ALL","1 Year FU","CECMT",NA,"Child",3263,"no"
"278","CHILD_12448","CHILD_12448",297,"What symptoms did your child have with the allergic reaction to food? Vomiting","CHILD_METADATA_ALL","1 Year FU","CETERM, DIARFL",NA,"Child",3263,"no"
"279","CHILD_12451","CHILD_12451",298,"What symptoms did your child have with the allergic reaction to food? Diarrhea","CHILD_METADATA_ALL","1 Year FU","CETERM, VOMFL",NA,"Child",3263,"no"
"280","CHILD_12488","CHILD_12488",299,"Hospital admissions/stays in last 6 months Has your child had any hospital admissions/stays in the last 6 months?","CHILD_METADATA_ALL","1 Year FU","HOTERM",NA,"Child",3263,"no"
"281","CHILD_12489","CHILD_12489",300,"Hospital admissions/stays in last 6 months How many hospital admissions/stays?","CHILD_METADATA_ALL","1 Year FU","HOCMT",NA,"Child",3263,"no"
"282","CHILD_12490","CHILD_12490",301,"What was the reason(s) for these hospital stay(s)? Bad cold","CHILD_METADATA_ALL","1 Year FU","CETERM, CESHOSP, CESEVN",NA,"Child",3263,"no"
"283","CHILD_12491","CHILD_12491",302,"What was the reason(s) for these hospital stay(s)? Fever","CHILD_METADATA_ALL","1 Year FU","CETERM, CESHOSP, CESEVN",NA,"Child",3263,"no"
"284","CHILD_12492","CHILD_12492",303,"What was the reason(s) for these hospital stay(s)? Rash","CHILD_METADATA_ALL","1 Year FU","CETERM, CESHOSP, CESEVN",NA,"Child",3263,"no"
"285","CHILD_12493","CHILD_12493",304,"What was the reason(s) for these hospital stay(s)? Wheezing episode","CHILD_METADATA_ALL","1 Year FU","CETERM, CESHOSP, CESEVN",NA,"Child",3263,"no"
"286","CHILD_12494","CHILD_12494",305,"What was the reason(s) for these hospital stay(s)? Ear infection","CHILD_METADATA_ALL","1 Year FU","CETERM, CESHOSP, CESEVN",NA,"Child",3263,"no"
"287","CHILD_12495","CHILD_12495",306,"What was the reason(s) for these hospital stay(s)? Allergy","CHILD_METADATA_ALL","1 Year FU","CETERM, CESHOSP, CESEVN",NA,"Child",3263,"no"
"288","CHILD_12496","CHILD_12496",307,"What was the reason(s) for these hospital stay(s)? Asthma attack","CHILD_METADATA_ALL","1 Year FU","CETERM, CESHOSP, CESEVN",NA,"Child",3263,"no"
"289","CHILD_12497","CHILD_12497",308,"What was the reason(s) for these hospital stay(s)? Chest infection","CHILD_METADATA_ALL","1 Year FU","CETERM, CESHOSP, CESEVN",NA,"Child",3263,"no"
"290","CHILD_12498","CHILD_12498",309,"What was the reason(s) for these hospital stay(s)? Accident","CHILD_METADATA_ALL","1 Year FU","CETERM, CESHOSP, CESEVN",NA,"Child",3263,"no"
"291","CHILD_12499","CHILD_12499",310,"What was the reason(s) for these hospital stay(s)? Coughing episode","CHILD_METADATA_ALL","1 Year FU","CETERM, CESHOSP, CESEVN",NA,"Child",3263,"no"
"292","CHILD_12500","CHILD_12500",311,"What was the reason(s) for these hospital stay(s)? Other illness(es)","CHILD_METADATA_ALL","1 Year FU","CETERM, CESHOSP, CESEVN",NA,"Child",3263,"no"
"293","CHILD_12502","CHILD_12502",312,"How long was the longest hospital stay? (days)","CHILD_METADATA_ALL","1 Year FU","HODUR",NA,"Child",3263,"no"
"294","CHILD_12503","CHILD_12503",313,"What procedures were performed on your child during these hospital stay(s)? Intubation (breathing tube)","CHILD_METADATA_ALL","1 Year FU","PRTRT",NA,"Child",3263,"no"
"295","CHILD_12504","CHILD_12504",314,"What procedures were performed on your child during these hospital stay(s)? Blood tests","CHILD_METADATA_ALL","1 Year FU","PRTRT",NA,"Child",3263,"no"
"296","CHILD_12505","CHILD_12505",315,"What procedures were performed on your child during these hospital stay(s)? Facemask or puffer for giving medicine","CHILD_METADATA_ALL","1 Year FU","PRTRT",NA,"Child",3263,"no"
"297","CHILD_12506","CHILD_12506",316,"What procedures were performed on your child during these hospital stay(s)? Intravenous fluids","CHILD_METADATA_ALL","1 Year FU","PRTRT",NA,"Child",3263,"no"
"298","CHILD_12507","CHILD_12507",317,"What procedures were performed on your child during these hospital stay(s)? Oxygen","CHILD_METADATA_ALL","1 Year FU","PRTRT",NA,"Child",3263,"no"
"299","CHILD_12508","CHILD_12508",318,"What procedures were performed on your child during these hospital stay(s)? Other","CHILD_METADATA_ALL","1 Year FU","PRTRT",NA,"Child",3263,"no"
"300","CHILD_12510","CHILD_12510",319,"Was your child in the intensive care unit during ANY of these hospital stays?","CHILD_METADATA_ALL","1 Year FU","HOTERM",NA,"Child",3263,"no"
"301","CHILD_12511","CHILD_12511",320,"Hospital stays associated with colds, coughs, or wheezing Were any of these hospital stay(s) associated with colds, coughs, or wheezing?","CHILD_METADATA_ALL","1 Year FU","HOTERM",NA,"Child",3263,"no"
"302","CHILD_12512_MODIFIED","CHILD_12512_modified",321,"Hospital stays associated with colds, coughs, or wheezing Number of hospital stay(s) in the last 6 months associated with colds, coughs, or wheezing (Derived from CHILD.12511 and CHILD.12512: If Yes, how many stays?)","CHILD_METADATA_ALL","1 Year FU","HOCMT",NA,"Child",3263,"no"
"313","CHILD_143637","CHILD_143637",322,"Date/age at time of questionnaire completion Date (month and year)","CHILD_METADATA_ALL","1 Year FU","AGEDAYS",NA,NA,3263,"yes"
"318","CHILD_143809","CHILD_143809",323,"Date/age at time of questionnaire completion Date (month and year)","CHILD_METADATA_ALL","1 Year FU","AGEDAYS",NA,NA,3263,"yes"
"119","CHILD_116746","CHILD_116746",324,"How many bedrooms are there in your home? (including in basement if it is your living space)","CHILD_METADATA_ALL","1 Year FU","SSSTRESN","NBEDROOM",NA,3263,"yes"
"120","CHILD_116747","CHILD_116747",325,"How many people currently live in your home? Adults","CHILD_METADATA_ALL","1 Year FU","SSSTRESN","NADULT",NA,3263,"yes"
"121","CHILD_116748","CHILD_116748",326,"How many people currently live in your home? Children","CHILD_METADATA_ALL","1 Year FU","SSSTRESN","NCHLD",NA,3263,"yes"
"132","CHILD_117055","CHILD_117055",327,"Do you have a cooking appliance(s) that you use to cook food INSIDE your home?","CHILD_METADATA_ALL",NA,NA,NA,NA,3263,"missing"
"133","CHILD_117056","CHILD_117056",328,"If Yes, what type of cooking appliance(s) do you have? Gas/Propane stove/oven","CHILD_METADATA_ALL","1 Year FU","SSSTRESC","COOKSTOV",NA,3263,"yes"
"134","CHILD_117057","CHILD_117057",329,"If Yes, what type of cooking appliance(s) do you have? Wood burning stove/oven","CHILD_METADATA_ALL","1 Year FU","SSSTRESC","COOKSTOV",NA,3263,"yes"
"135","CHILD_117058","CHILD_117058",330,"If Yes, what type of cooking appliance(s) do you have? Electric stove/oven","CHILD_METADATA_ALL","1 Year FU","SSSTRESC","COOKSTOV",NA,3263,"yes"
"136","CHILD_117059","CHILD_117059",331,"If Yes, what type of cooking appliance(s) do you have? Other appliance","CHILD_METADATA_ALL",NA,NA,NA,NA,3263,"missing"
"138","CHILD_117060","CHILD_117060",332,"If Yes, what type of cooking appliance(s) do you have? If other cooking appliance, specify:","CHILD_METADATA_ALL","1 Year FU","SSSTRESC","COOKSTOV",NA,3263,"yes"
"142","CHILD_117132","CHILD_117132",333,"What type of fuel heats your home? Gas/Propane","CHILD_METADATA_ALL","1 Year FU","SSSTRESC","COOKFUEL",NA,3263,"yes"
"143","CHILD_117133","CHILD_117133",334,"What type of fuel heats your home? Wood/Pellet","CHILD_METADATA_ALL","1 Year FU","SSSTRESC","COOKFUEL",NA,3263,"yes"
"144","CHILD_117134","CHILD_117134",335,"What type of fuel heats your home? Oil","CHILD_METADATA_ALL","1 Year FU","SSSTRESC","COOKFUEL",NA,3263,"yes"
"145","CHILD_117135","CHILD_117135",336,"What type of fuel heats your home? Other","CHILD_METADATA_ALL","1 Year FU","SSSTRESC","COOKFUEL",NA,3263,"yes"
"146","CHILD_117136","CHILD_117136",337,"What type of fuel heats your home? Electric","CHILD_METADATA_ALL","1 Year FU","SSSTRESC","COOKFUEL",NA,3263,"yes"
"147","CHILD_117137","CHILD_117137",338,"What type of fuel heats your home? Don t know","CHILD_METADATA_ALL",NA,NA,NA,NA,3263,"missing"
"148","CHILD_117138","CHILD_117138",339,"What type of fuel heats your home? If Other type of fuel, specify:","CHILD_METADATA_ALL","1 Year FU","SSSTRESC","COOKFUEL",NA,3263,"yes"
"321","CHILD_144081","CHILD_144081",340,"Date/age at time of questionnaire completion Date (month and year)","CHILD_METADATA_ALL",NA,NA,NA,NA,3263,"missing"
"362","CHILD_97492","CHILD_97492",341,"Did you have any of the following conditions during the last 3 months of your pregnancy? Diabetes","CHILD_METADATA_ALL","1 Year FU","CETERM",NA,"Mother",3263,"no"
"363","CHILD_97502","CHILD_97502",342,"Have you had ANEMIA during the last 3 months of your pregnancy or since giving birth to your baby? Anemia","CHILD_METADATA_ALL","1 Year FU","CETERM, ANEMIA",NA,"Mother",3263,"no"
"364","CHILD_97503","CHILD_97503",343,"Have you had ANEMIA during the last 3 months of your pregnancy or since giving birth to your baby? Are you taking or did you take any medication(s) for this?","CHILD_METADATA_ALL","1 Year FU","CMTRT",NA,"Mother",3263,"no"
"365","CHILD_97504","CHILD_97504",344,"Have you had DIABETES during the last 3 months of your pregnancy or since giving birth to your baby? Diabetes","CHILD_METADATA_ALL","1 Year FU","CETERM, DM, GDM",NA,"Mother",3263,"no"
"366","CHILD_97505","CHILD_97505",345,"Have you had DIABETES during the last 3 months of your pregnancy or since giving birth to your baby? Are you taking or did you take any medication(s) for this?","CHILD_METADATA_ALL","1 Year FU","CMTRT",NA,"Mother",3263,"no"
"367","CHILD_97567","CHILD_97567",346,"Asthma Have you ever had asthma?","CHILD_METADATA_ALL","1 Year FU","CETERM",NA,"Mother",3263,"no"
"368","CHILD_97568_MODIFIED","CHILD_97568_modified",347,"Asthma Have ever had asthma that was diagnosed by a doctor (Derived from CHILD.97567 and CHILD.97568: If Yes, was asthma diagnosed by a doctor?)","CHILD_METADATA_ALL",NA,NA,NA,NA,3263,"missing"
"369","CHILD_97578","CHILD_97578",348,"Have you EVER had hayfever symptoms?","CHILD_METADATA_ALL","1 Year FU","CETERM",NA,"Mother",3263,"no"
"370","CHILD_97579","CHILD_97579",349,"Have you EVER had skin allergy symptoms (ECZEMA, HIVES, ALLERGIC RASH)?","CHILD_METADATA_ALL","1 Year FU","CETERM",NA,"Mother",3263,"no"
"371","CHILD_97580","CHILD_97580",350,"Have you ever had allergies to pollen, grasses, weeds, trees?","CHILD_METADATA_ALL","1 Year FU","CETERM",NA,"Mother",3263,"no"
"372","CHILD_97581","CHILD_97581",351,"Drug allergies - EVER Have you EVER had a drug allergy?","CHILD_METADATA_ALL","1 Year FU","CETERM",NA,"Mother",3263,"no"
"373","CHILD_97583","CHILD_97583",352,"Insect allergies - EVER Have you EVER had an insect allergy?","CHILD_METADATA_ALL","1 Year FU","CETERM",NA,"Mother",3263,"no"
"374","CHILD_97585","CHILD_97585",353,"Have you EVER had a food allergy?","CHILD_METADATA_ALL","1 Year FU","CETERM",NA,"Mother",3263,"no"
"375","CHILD_97594","CHILD_97594",354,"Have you EVER had a pet allergy?","CHILD_METADATA_ALL","1 Year FU","CETERM",NA,"Mother",3263,"no"
"376","CHILD_97599","CHILD_97599",355,"Other allergies - EVER Have you EVER had other allergies not mentioned above?","CHILD_METADATA_ALL","1 Year FU","CETERM",NA,"Mother",3263,"no"
"377","CHILD_97627","CHILD_97627",356,"What is your current marital status?","CHILD_METADATA_ALL",NA,NA,NA,NA,3263,"missing"
"322","CHILD_144149","CHILD_144149",357,"Date/age at time of questionnaire completion Date (month and year)","CHILD_METADATA_ALL",NA,NA,NA,NA,3263,"missing"
"57","CHILD_107785","CHILD_107785",358,"Height (cm) before spirometry (without shoes)","CHILD_METADATA_ALL","1 Year FU","HTCM",NA,"Mother",3263,"yes"
"58","CHILD_107786","CHILD_107786",359,"Weight (kg) before spirometry (without shoes)","CHILD_METADATA_ALL","1 Year FU","WTKG",NA,"Mother",3263,"yes"
"326","CHILD_144701","CHILD_144701",360,"Age at time of test Date (month and year)","CHILD_METADATA_ALL",NA,NA,NA,NA,3263,"missing"
"330","CHILD_147756","CHILD_147756",361,"Age at time of test Subject s age at time of test (months)","CHILD_METADATA_ALL",NA,NA,NA,NA,3263,"missing"
"391","CHILD_D1805","CHILD_D1805",362,"Breastfeeding at 12 Months (final) Infant feeding","CHILD_METADATA_ALL","1 Year FU","BFEDFL",NA,NA,3263,"yes"
"21","CHILD_103132","CHILD_103132",363,"How long did your child s worst cold last?","CHILD_METADATA_ALL","18 Months FU","CEDUR, CETERM",NA,"Child",3263,"no"
"22","CHILD_103133","CHILD_103133",364,"What symptoms did your child have during their worst cold in the last 6 months? Cough","CHILD_METADATA_ALL","18 Months FU","CETERM",NA,"Child",3263,"no"
"23","CHILD_103135","CHILD_103135",365,"What symptoms did your child have during their worst cold in the last 6 months? Vomiting","CHILD_METADATA_ALL","18 Months FU","CETERM, DIARFL_R",NA,"Child",3263,"no"
"24","CHILD_103138","CHILD_103138",366,"What symptoms did your child have during their worst cold in the last 6 months? Diarrhea","CHILD_METADATA_ALL","18 Months FU","CETERM, VOMFL_R",NA,"Child",3263,"no"
"25","CHILD_103140","CHILD_103140",367,"What symptoms did your child have during their worst cold in the last 6 months? Fever","CHILD_METADATA_ALL","18 Months FU","CETERM",NA,"Child",3263,"no"
"26","CHILD_103162","CHILD_103162",368,"Coughing without a cold Has your child had any coughing episodes WITHOUT a cold in the last 6 months?","CHILD_METADATA_ALL",NA,NA,NA,NA,3263,"missing"
"27","CHILD_103163_MODIFIED","CHILD_103163_modified",369,"Coughing without a cold Cough episodes without a cold in last 6 months (Derived from CHILD.103162 and CHILD.103163: If Yes, how many episodes:)","CHILD_METADATA_ALL","18 Months FU","CEDUR, CETERM",NA,"Child",3263,"no"
"28","CHILD_103164","CHILD_103164",370,"Duration of cough in the WORST coughing episode:","CHILD_METADATA_ALL","18 Months FU","CEDUR",NA,"Child",3263,"no"
"29","CHILD_103207","CHILD_103207",371,"What symptoms did your child have with the allergic reaction to food? Vomiting","CHILD_METADATA_ALL","18 Months FU","CETERM, DIARFL",NA,"Child",3263,"no"
"30","CHILD_103210","CHILD_103210",372,"What symptoms did your child have with the allergic reaction to food? Diarrhea","CHILD_METADATA_ALL","18 Months FU","CETERM, VOMFL",NA,"Child",3263,"no"
"31","CHILD_103248","CHILD_103248",373,"Hospital admissions/stays in last 6 months Has your child had any hospital admissions/stays in the last 6 months?","CHILD_METADATA_ALL","18 Months FU","HOTERM",NA,"Child",3263,"no"
"32","CHILD_103249","CHILD_103249",374,"Hospital admissions/stays in last 6 months How many hospital admissions/stays?","CHILD_METADATA_ALL",NA,NA,NA,NA,3263,"missing"
"33","CHILD_103250","CHILD_103250",375,"What was the reason(s) for these hospital stay(s)? Bad cold","CHILD_METADATA_ALL","18 Months FU","CETERM, CESHOSP, CESEVN",NA,"Child",3263,"no"
"34","CHILD_103251","CHILD_103251",376,"What was the reason(s) for these hospital stay(s)? Fever","CHILD_METADATA_ALL","18 Months FU","CETERM, CESHOSP, CESEVN",NA,"Child",3263,"no"
"35","CHILD_103252","CHILD_103252",377,"What was the reason(s) for these hospital stay(s)? Rash","CHILD_METADATA_ALL","18 Months FU","CETERM, CESHOSP, CESEVN",NA,"Child",3263,"no"
"36","CHILD_103253","CHILD_103253",378,"What was the reason(s) for these hospital stay(s)? Wheezing episode","CHILD_METADATA_ALL","18 Months FU","CETERM, CESHOSP, CESEVN",NA,"Child",3263,"no"
"37","CHILD_103254","CHILD_103254",379,"What was the reason(s) for these hospital stay(s)? Ear infection","CHILD_METADATA_ALL","18 Months FU","CETERM, CESHOSP, CESEVN",NA,"Child",3263,"no"
"38","CHILD_103255","CHILD_103255",380,"What was the reason(s) for these hospital stay(s)? Allergy","CHILD_METADATA_ALL","18 Months FU","CETERM, CESHOSP, CESEVN",NA,"Child",3263,"no"
"39","CHILD_103256","CHILD_103256",381,"What was the reason(s) for these hospital stay(s)? Asthma attack","CHILD_METADATA_ALL","18 Months FU","CETERM, CESHOSP, CESEVN",NA,"Child",3263,"no"
"40","CHILD_103257","CHILD_103257",382,"What was the reason(s) for these hospital stay(s)? Chest infection","CHILD_METADATA_ALL","18 Months FU","CETERM, CESHOSP, CESEVN",NA,"Child",3263,"no"
"41","CHILD_103258","CHILD_103258",383,"What was the reason(s) for these hospital stay(s)? Accident","CHILD_METADATA_ALL","18 Months FU","CETERM, CESHOSP, CESEVN",NA,"Child",3263,"no"
"42","CHILD_103259","CHILD_103259",384,"What was the reason(s) for these hospital stay(s)? Coughing episode","CHILD_METADATA_ALL","18 Months FU","CETERM, CESHOSP, CESEVN",NA,"Child",3263,"no"
"43","CHILD_103260","CHILD_103260",385,"What was the reason(s) for these hospital stay(s)? Other illness(es)","CHILD_METADATA_ALL","18 Months FU","CETERM, CESHOSP, CESEVN",NA,"Child",3263,"no"
"44","CHILD_103262","CHILD_103262",386,"How long was the longest hospital stay? (days)","CHILD_METADATA_ALL","18 Months FU","HODUR",NA,"Child",3263,"no"
"45","CHILD_103263","CHILD_103263",387,"What procedures were performed on your child during her/his hospital stay(s) in the last 6 months? Intubation (breathing tube)","CHILD_METADATA_ALL","18 Months FU","PRTRT",NA,"Child",3263,"no"
"46","CHILD_103264","CHILD_103264",388,"What procedures were performed on your child during her/his hospital stay(s) in the last 6 months? Blood tests","CHILD_METADATA_ALL","18 Months FU","PRTRT",NA,"Child",3263,"no"
"47","CHILD_103265","CHILD_103265",389,"What procedures were performed on your child during her/his hospital stay(s) in the last 6 months? Intravenous fluids","CHILD_METADATA_ALL","18 Months FU","PRTRT",NA,"Child",3263,"no"
"48","CHILD_103266","CHILD_103266",390,"What procedures were performed on your child during her/his hospital stay(s) in the last 6 months? Facemask or puffer for giving medicine","CHILD_METADATA_ALL","18 Months FU","PRTRT",NA,"Child",3263,"no"
"49","CHILD_103267","CHILD_103267",391,"What procedures were performed on your child during her/his hospital stay(s) in the last 6 months? Oxygen","CHILD_METADATA_ALL","18 Months FU","PRTRT",NA,"Child",3263,"no"
"50","CHILD_103268","CHILD_103268",392,"What procedures were performed on your child during her/his hospital stay(s) in the last 6 months? Other","CHILD_METADATA_ALL","18 Months FU","PRTRT",NA,"Child",3263,"no"
"51","CHILD_103270","CHILD_103270",393,"Was your child in the intensive care unit during ANY of these hospital stays?","CHILD_METADATA_ALL","18 Months FU","HOTERM",NA,"Child",3263,"no"
"52","CHILD_103271","CHILD_103271",394,"Were any of these hospital stay(s) associated with colds, coughs, or wheezing?","CHILD_METADATA_ALL","18 Months FU","HOCMT",NA,"Child",3263,"no"
"311","CHILD_143601","CHILD_143601",395,"Date/age at time of questionnaire completion Date (month and year)","CHILD_METADATA_ALL",NA,NA,NA,NA,3263,"missing"
"316","CHILD_143793","CHILD_143793",396,"Date/age at time of questionnaire completion Date (month and year)","CHILD_METADATA_ALL",NA,NA,NA,NA,3263,"missing"
"392","CHILD_D1806","CHILD_D1806",397,"Breastfeeding at 18 Months (final) Infant feeding","CHILD_METADATA_ALL","18 Months FU","BFEDFL",NA,NA,3263,"yes"
"303","CHILD_12706","CHILD_12706",398,"Child s weight What is your child s current weight? (Kg)","CHILD_METADATA_ALL","2 Years FU","WTKG",NA,NA,3263,"yes"
"304","CHILD_12707","CHILD_12707",399,"Child s weight Where was your child s weight measured?","CHILD_METADATA_ALL",NA,NA,NA,NA,3263,"missing"
"305","CHILD_12709","CHILD_12709",400,"Child s height What is your child s current height? (cm)","CHILD_METADATA_ALL","2 Years FU","HTCM",NA,NA,3263,"yes"
"306","CHILD_12710","CHILD_12710",401,"Child s height Where was your child s height measured?","CHILD_METADATA_ALL",NA,NA,NA,NA,3263,"missing"
"312","CHILD_143605","CHILD_143605",402,"Date/age at time of questionnaire completion Date (month and year)","CHILD_METADATA_ALL",NA,NA,NA,NA,3263,"missing"
"317","CHILD_143805","CHILD_143805",403,"Date/age at time of questionnaire completion Date (month and year)","CHILD_METADATA_ALL",NA,NA,NA,NA,3263,"missing"
"386","CHILD_D1800","CHILD_D1800",404,"Exact duration of any breastfeeding (in months) Infant feeding","CHILD_METADATA_ALL","2 Years FU","BFEDFL, GFSTRESN, GFSTRESU","BFEDDUR","Mother",3263,"yes"
"387","CHILD_D1801","CHILD_D1801",405,"Implied duration of any breastfeeding (in months) Infant feeding","CHILD_METADATA_ALL","2 Years FU","BFEDFL, GFSTRESN, GFSTRESU","BFEDDUR","Mother",3263,"yes"
"393","CHILD_D1807","CHILD_D1807",406,"Breastfeeding at 24 Months (final) Infant feeding","CHILD_METADATA_ALL","2 Years FU","BFEDFL",NA,NA,3263,"yes"
"394","CHILD_D1808","CHILD_D1808",407,"Was child ever breastfed in their lifetime? Infant feeding","CHILD_METADATA_ALL","2 Years FU","FEEDING, FEEDINGN",NA,NA,3263,"yes"
"398","CHILD_D1812","CHILD_D1812",408,"First introduction of Solids (Months) Infant feeding","CHILD_METADATA_ALL","2 Years FU","SLDFEDFL",NA,NA,3263,"yes"
"399","CHILD_D1813","CHILD_D1813",409,"Duration of Exclusive Breastfeeding (Months) Infant feeding","CHILD_METADATA_ALL","2 Years FU","EXBFEDFL, GFSTRESN, GFSTRESU","EXFEEDMT","Mother",3263,"yes"
"415","CHILD_D1829","CHILD_D1829",410,"Duration of Lifetime Exclusive Breastfeeding (Months) Infant feeding","CHILD_METADATA_ALL","2 Years FU","EXBFEDFL, GFSTRESN, GFSTRESU","EXFEEDMT","Mother",3263,"yes"
"416","CHILD_D1830","CHILD_D1830",411,"First introduction of Formula (Months) Infant feeding","CHILD_METADATA_ALL","2 Years FU","FORMLKFL, AGEDAYS",NA,NA,3263,"yes"
"417","CHILD_D1831","CHILD_D1831",412,"First introduction of Formula (Months), where 0 indicates formula was introduced in the hospital Infant feeding","CHILD_METADATA_ALL",NA,NA,NA,NA,3263,"missing"
"418","CHILD_D1832","CHILD_D1832",413,"Was the child ever fed formula in their lifetime? (after Hospital Questionnaire) Infant feeding","CHILD_METADATA_ALL",NA,"FEEDING, FEEDINGN",NA,NA,3263,"yes"
"338","CHILD_97144","CHILD_97144",414,"Mother s weight at time of pregnancy Does mother recall her weight when she became pregnant with the study child?","CHILD_METADATA_ALL",NA,NA,NA,NA,3263,"missing"
"339","CHILD_97145","CHILD_97145",415,"Mother s weight at time of pregnancy If yes, what was her approximate weight? (lb)","CHILD_METADATA_ALL",NA,NA,NA,NA,3263,"missing"
"340","CHILD_97146","CHILD_97146",416,"Mother s weight at time of pregnancy If yes, what was her approximate weight? (kg)","CHILD_METADATA_ALL","Birth CBIR","WTKG",NA,"Mother",3263,"yes"
"341","CHILD_97147","CHILD_97147",417,"Mother s weight gain during pregnancy Does mother recall about how much weight she gained during her pregnancy of the study child?","CHILD_METADATA_ALL",NA,NA,NA,NA,3263,"missing"
"342","CHILD_97148","CHILD_97148",418,"Mother s weight gain during pregnancy If yes, what was her approximate weight gain? (lb)","CHILD_METADATA_ALL",NA,NA,NA,NA,3263,"missing"
"343","CHILD_97149","CHILD_97149",419,"Mother s weight gain during pregnancy If yes, what was her approximate weight gain? (kg)","CHILD_METADATA_ALL","Birth CBIR","GWTGAIN",NA,"Mother",3263,"yes"
"325","CHILD_144673","CHILD_144673",420,"Age at time of clinic visit Date (month and year)","CHILD_METADATA_ALL",NA,NA,NA,NA,3263,"missing"
"310","CHILD_143561","CHILD_143561",421,"Date/age when results entered into system Date (month and year)","CHILD_METADATA_ALL",NA,NA,NA,NA,3263,"missing"
"434","STUDYCENTER","StudyCenter",422,"CHILD study site","CHILD_METADATA_ALL",NA,"SITEID",NA,NA,3263,"yes"
"450","TRAJ","traj",423,"Growth Trajectories Weight-for-age trajectory assigned using LCA trajectory analysis, based on WHO z-score from birth to 5 years","CHILD_METADATA_ALL",NA,NA,NA,NA,3263,"missing"
"433","PROB","prob",424,"Growth Trajectories Probability of membership to weight trajectory assigned (see Variable_ID  traj )","CHILD_METADATA_ALL",NA,NA,NA,NA,3263,"missing"
"460","ATBX_TIME","Atbx_time",430,"time when antibiotic course started, in days","CHILD_ANITBIOTIC","Antibiotics Status","AGEDAYS",NA,"Child",3479,"yes"
"461","ATBX_TYPE","atbx_type",431,"iv, iv-oral or oral","CHILD_ANITBIOTIC","Antibiotics Status","CMDOSFRM",NA,"Child",3479,"no"
"459","ATBX_CHILD","atbx_child",432,"1= atbx was taken; o=not taken","CHILD_ANITBIOTIC","Antibiotics Status","CMTRT",NA,"Child",3479,"no"
"771","VISIT","visit",439,"VISIT","CHILD_DICTIONARY_ALL",NA,NA,NA,NA,421,"missing"
"1810","DESCRIPTION","description",440,"DESCRIPTION","CHILD_MEDICATION_FULL",NA,NA,NA,NA,26335,"missing"
"1210","CATEGORY_EXTERNAL_XREF","category_external_xref",441,"CATEGORY_EXTERNAL_XREF","CHILD_MEDICATION_FULL",NA,NA,NA,NA,26335,"missing"
"711","TAKEN_BY","taken_by",442,"TAKEN_BY","CHILD_MEDICATION_FULL",NA,"RELTIVE, RELTIVEN",NA,NA,26335,"no"
"4410","PART_OF_MIXTURE","part_of_mixture",443,"PART_OF_MIXTURE","CHILD_MEDICATION_FULL",NA,NA,NA,NA,26335,"missing"
"521","SAS_VARIABLE_BRAND_NAME","sas_variable_brand_name",444,"SAS_VARIABLE_BRAND_NAME","CHILD_MEDICATION_FULL",NA,NA,NA,NA,26335,"missing"
"731","UNCURATED_BRAND_NAME","uncurated_brand_name",445,"UNCURATED_BRAND_NAME","CHILD_MEDICATION_FULL",NA,NA,NA,NA,26335,"missing"
"1410","CURATED_BRAND_NAME","curated_brand_name",446,"CURATED_BRAND_NAME","CHILD_MEDICATION",NA,NA,NA,NA,3109,"missing"
"541","SAS_VARIABLE_GENERIC_NAME","sas_variable_generic_name",447,"SAS_VARIABLE_GENERIC_NAME","CHILD_MEDICATION_FULL",NA,NA,NA,NA,26335,"missing"
"751","UNCURATED_GENERIC_NAME","uncurated_generic_name",448,"UNCURATED_GENERIC_NAME","CHILD_MEDICATION",NA,NA,NA,NA,3109,"missing"
"1610","CURATED_GENERIC_NAME","curated_generic_name",449,"CURATED_GENERIC_NAME","CHILD_MEDICATION",NA,NA,NA,NA,3109,"missing"
"3810","ONTOLOGY_ACCESSION","ontology_accession",450,"ONTOLOGY_ACCESSION","CHILD_MEDICATION",NA,NA,NA,NA,3107,"missing"
"4010","ONTOLOGY_DB","ontology_db",451,"ONTOLOGY_DB","CHILD_MEDICATION_FULL",NA,NA,NA,NA,26295,"missing"
"4210","ONTOLOGY_TERM","ontology_term",452,"ONTOLOGY_TERM","CHILD_MEDICATION",NA,NA,NA,NA,3109,"missing"
"2610","IS_ANTIMICROBIAL","is_antimicrobial",453,"IS_ANTIMICROBIAL","CHILD_MEDICATION_FULL",NA,"CMCMT",NA,NA,26335,"no"
"2310","IS_ANTIBACTERIAL","is_antibacterial",454,"IS_ANTIBACTERIAL","CHILD_MEDICATION_FULL",NA,"CMCMT",NA,NA,26335,"no"
"2910","IS_ANTIVIRAL","is_antiviral",455,"IS_ANTIVIRAL","CHILD_MEDICATION_FULL",NA,"CMCMT",NA,NA,26335,"no"
"2710","IS_ANTIPROTOZOAL","is_antiprotozoal",456,"IS_ANTIPROTOZOAL","CHILD_MEDICATION_FULL",NA,"CMCMT",NA,NA,26335,"no"
"2510","IS_ANTIFUNGAL","is_antifungal",457,"IS_ANTIFUNGAL","CHILD_MEDICATION_FULL",NA,"CMCMT",NA,NA,26335,"no"
"2110","IS_ANTI_ASTHMATIC","is_anti_asthmatic",458,"IS_ANTI_ASTHMATIC","CHILD_MEDICATION_FULL",NA,"CMCMT",NA,NA,26335,"no"
"2010","IS_ANALGESIC","is_analgesic",459,"IS_ANALGESIC","CHILD_MEDICATION_FULL",NA,"CMCMT",NA,NA,26335,"no"
"2210","IS_ANTI_INFLAMMATORY","is_anti_inflammatory",460,"IS_ANTI_INFLAMMATORY","CHILD_MEDICATION_FULL",NA,"CMCMT",NA,NA,26335,"no"
"2810","IS_ANTIPYRETIC","is_antipyretic",461,"IS_ANTIPYRETIC","CHILD_MEDICATION_FULL",NA,"CMCMT",NA,NA,26335,"no"
"3110","IS_NASAL_DECONGESTANT","is_nasal_decongestant",462,"IS_NASAL_DECONGESTANT","CHILD_MEDICATION_FULL",NA,"CMCMT",NA,NA,26335,"no"
"3010","IS_LAXATIVE","is_laxative",463,"IS_LAXATIVE","CHILD_MEDICATION_FULL",NA,"CMCMT",NA,NA,26335,"no"
"2410","IS_ANTIDIARRHOEAL","is_antidiarrhoeal",464,"IS_ANTIDIARRHOEAL","CHILD_MEDICATION_FULL",NA,"CMCMT",NA,NA,26335,"no"
"3410","MEDICATION_START_DATE","medication_start_date",465,"MEDICATION_START_DATE","CHILD_MEDICATION_FULL",NA,"AGEDAYS",NA,NA,26066,"yes"
"3510","MEDICATION_STOP_DATE","medication_stop_date",466,"MEDICATION_STOP_DATE","CHILD_MEDICATION_FULL",NA,"AGEEND",NA,NA,12098,"no"
"3210","MEDICATION_CURRENTLY_TAKEN","medication_currently_taken",467,"MEDICATION_CURRENTLY_TAKEN","CHILD_MEDICATION_FULL",NA,NA,NA,NA,26335,"missing"
"3610","MEDICATION_STRENGTH","medication_strength",468,"MEDICATION_STRENGTH","CHILD_MEDICATION_FULL",NA,"CMDOSE, CMDOSU",NA,NA,26335,"no"
"3710","MEDICATION_TYPE","medication_type",469,"MEDICATION_TYPE","CHILD_MEDICATION_FULL",NA,"CMDOSFRM",NA,NA,26335,"no"
"3310","MEDICATION_REASON","medication_reason",470,"MEDICATION_REASON","CHILD_MEDICATION_FULL",NA,"CMINDC",NA,NA,26335,"no"
"910","ARO_ACCESSION","aro_accession",471,"ARO_ACCESSION","CHILD_MEDICATION_FULL",NA,NA,NA,NA,2839,"missing"
"1010","ARO_TERM","aro_term",472,"ARO_TERM","CHILD_MEDICATION_FULL",NA,NA,NA,NA,2839,"missing"
"1110","ARO_TERM_DEFINITION","aro_term_definition",473,"ARO_TERM_DEFINITION","CHILD_MEDICATION_FULL",NA,NA,NA,NA,2839,"missing"
