row_id,compartment,timepoint,feature,mz,rt,ion_mode,effect_size,raw_p,fdr,direction,putative_name,n_candidates,normalized_name,supplement_feature,supplement_detected,supplement_reliably_detected,supplement_abundant,match_type,supplement_match_ppm,supplement_status,pn0,ct_key,ct_label,supplement_label,tracking_id,tracking_group,tracking_name
32,Maternal VAMS,pn56,VAM_1001605,164.989,0.05,positive,-0.495315959333349,1.24144909526911e-5,0.0283057696363094,Downregulated,alloxan,1,alloxan,NA,NA,NA,NA,NA,NA,No matched supplement feature,alloxan,Maternal VAMS · pn56,Maternal VAMS · 5-6 months,Not reliably detected in supplement,Maternal VAMS__pn56__VAM_1001605,Maternal VAMS__pn56__VAM_1001605,alloxan
214,Maternal plasma,pn12,RLC_NEG_MTB_3443885,156.9907,0.3740667,negative,-0.752184854054243,5.3274149876938e-4,0.03058202796594,Downregulated,alloxan,1,alloxan,rLC_neg_mtb_599574,TRUE,TRUE,FALSE,Mass within 25 ppm,0.636980001397022,Reliably detected,alloxan,Maternal plasma · pn12,Maternal plasma · 1-2 months,Detected in supplement,Maternal plasma__pn12__RLC_NEG_MTB_3443885,Maternal VAMS__pn56__VAM_1001605,alloxan
503,Maternal plasma,pn12,RLC_POS_MTB_2612602,203.1396,0.186,positive,-0.825770002702162,3.34239672976073e-6,0.00161980901516029,Downregulated,NA,0,NA,rLC_pos_mtb_1544729,TRUE,TRUE,FALSE,Mass within 25 ppm,2.95364257966957,Reliably detected,NA,Maternal plasma · pn12,Maternal plasma · 1-2 months,Detected in supplement,Maternal plasma__pn12__RLC_POS_MTB_2612602,Milk__1421d__RLC_POS_MTB_2677857,m/z 203.1396
888,Milk,1421d,RLC_POS_MTB_2677857,203.1384,NA,positive,-0.48,NA,0.009,Downregulated,NA,0,NA,rLC_pos_mtb_1544729,TRUE,TRUE,FALSE,Mass within 25 ppm,2.95364257980948,Reliably detected,NA,Milk · 1421d,Milk · 14-21 days,Detected in supplement,Milk__1421d__RLC_POS_MTB_2677857,Milk__1421d__RLC_POS_MTB_2677857,m/z 203.1396
998,Milk,pn34,RLC_POS_MTB_990012,203.1385,NA,positive,-0.46,NA,0.02,Downregulated,NA,0,NA,rLC_pos_mtb_1544729,TRUE,TRUE,FALSE,Mass within 25 ppm,2.4613688165079,Reliably detected,NA,Milk · pn34,Milk · 3-4 months,Detected in supplement,Milk__pn34__RLC_POS_MTB_990012,Milk__1421d__RLC_POS_MTB_2677857,m/z 203.1396
408,Maternal plasma,pn12,RLC_NEG_MTB_849017,429.0786,0.1157333,negative,-0.806462919413531,1.8972366926138e-4,0.0167117869388131,Downregulated,NA,0,NA,rLC_neg_mtb_1195819,TRUE,TRUE,FALSE,Mass within 25 ppm,0.932229263173632,Reliably detected,NA,Maternal plasma · pn12,Maternal plasma · 1-2 months,Detected in supplement,Maternal plasma__pn12__RLC_NEG_MTB_849017,Milk__pn12__RLC_NEG_MTB_3612744,m/z 429.0786
1379,Milk,pn12,RLC_NEG_MTB_3612744,429.088,NA,negative,-0.38,NA,0.048,Downregulated,NA,0,NA,rLC_neg_mtb_1335750,TRUE,TRUE,FALSE,Mass within 25 ppm,13.2841648328237,Reliably detected,NA,Milk · pn12,Milk · 1-2 months,Detected in supplement,Milk__pn12__RLC_NEG_MTB_3612744,Milk__pn12__RLC_NEG_MTB_3612744,m/z 429.0786
207,Maternal plasma,pn12,RLC_NEG_MTB_3407180,821.5365,0.3740667,negative,-0.818127287532963,7.14984077226811e-5,0.00997119880362714,Downregulated,NA,0,NA,rLC_neg_mtb_4434519,TRUE,TRUE,FALSE,Mass within 25 ppm,2.79963999063105,Reliably detected,NA,Maternal plasma · pn12,Maternal plasma · 1-2 months,Detected in supplement,Maternal plasma__pn12__RLC_NEG_MTB_3407180,Milk__pn12__RLC_NEG_MTB_6996911,m/z 821.5365
1085,Milk,pn12,RLC_NEG_MTB_6996911,821.5179,NA,negative,-0.42,NA,0.028,Downregulated,NA,0,NA,rLC_neg_mtb_4197540,TRUE,TRUE,FALSE,Mass within 25 ppm,7.54694840957387,Reliably detected,NA,Milk · pn12,Milk · 1-2 months,Detected in supplement,Milk__pn12__RLC_NEG_MTB_6996911,Milk__pn12__RLC_NEG_MTB_6996911,m/z 821.5365
122,Maternal plasma,pn12,RLC_NEG_MTB_13264,325.1835,0.0062,negative,-0.577726627314756,6.7826869321212e-4,0.0351557182297246,Downregulated,11-Dehydrocorticosterone,1,11dehydrocorticosterone,rLC_neg_mtb_2639500,TRUE,TRUE,FALSE,Mass within 25 ppm,0.615036977581101,Reliably detected,11-Dehydrocorticosterone,Maternal plasma · pn12,Maternal plasma · 1-2 months,Detected in supplement,Maternal plasma__pn12__RLC_NEG_MTB_13264,Milk__pn34__RLC_NEG_MTB_4648675,11-Dehydrocorticosterone
838,Milk,pn34,RLC_NEG_MTB_4648675,381.1628,NA,negative,-0.51,NA,0.0049,Downregulated,11-Dehydrocorticosterone,1,11dehydrocorticosterone,NA,NA,NA,NA,NA,NA,No matched supplement feature,11-Dehydrocorticosterone,Milk · pn34,Milk · 3-4 months,Not reliably detected in supplement,Milk__pn34__RLC_NEG_MTB_4648675,Milk__pn34__RLC_NEG_MTB_4648675,11-Dehydrocorticosterone
320,Maternal plasma,pn12,RLC_NEG_MTB_4061202,773.4364,0.4856667,negative,-0.654430287742822,2.9635199167945e-4,0.0213957175020094,Downregulated,NA,0,NA,NA,NA,NA,NA,NA,NA,No matched supplement feature,NA,Maternal plasma · pn12,Maternal plasma · 1-2 months,Not reliably detected in supplement,Maternal plasma__pn12__RLC_NEG_MTB_4061202,Milk__pn34__RLC_NEG_MTB_6362744,m/z 773.4364
1204,Milk,pn34,RLC_NEG_MTB_6362744,773.4456,NA,negative,-0.43,NA,0.037,Downregulated,NA,0,NA,NA,NA,NA,NA,NA,NA,No matched supplement feature,NA,Milk · pn34,Milk · 3-4 months,Not reliably detected in supplement,Milk__pn34__RLC_NEG_MTB_6362744,Milk__pn34__RLC_NEG_MTB_6362744,m/z 773.4364
355,Maternal plasma,pn12,RLC_NEG_MTB_4815574,287.9936,0.6096666,negative,-0.768270419524432,2.679982612714e-4,0.0208059768182124,Downregulated,NA,0,NA,rLC_neg_mtb_6065882,TRUE,TRUE,FALSE,Mass within 25 ppm,0.347229817787326,Reliably detected,NA,Maternal plasma · pn12,Maternal plasma · 1-2 months,Detected in supplement,Maternal plasma__pn12__RLC_NEG_MTB_4815574,Milk__pn34__RLC_NEG_MTB_7625164,m/z 287.9936
1298,Milk,pn34,RLC_NEG_MTB_7625164,287.9936,NA,negative,-0.4,NA,0.042,Downregulated,NA,0,NA,rLC_neg_mtb_6065882,TRUE,TRUE,FALSE,Mass within 25 ppm,0.347229817787326,Reliably detected,NA,Milk · pn34,Milk · 3-4 months,Detected in supplement,Milk__pn34__RLC_NEG_MTB_7625164,Milk__pn34__RLC_NEG_MTB_7625164,m/z 287.9936
518,Maternal plasma,pn12,RLC_POS_MTB_2734907,185.1291,0.1922,positive,-0.888971255450335,8.78875599170454e-6,0.00327634682498447,Downregulated,NA,0,NA,NA,NA,NA,NA,NA,NA,No matched supplement feature,NA,Maternal plasma · pn12,Maternal plasma · 1-2 months,Not reliably detected in supplement,Maternal plasma__pn12__RLC_POS_MTB_2734907,Milk__pn34__RLC_POS_MTB_2876821,m/z 185.1291
738,Milk,pn34,RLC_POS_MTB_2876821,185.1306,NA,positive,-0.63,NA,1.1e-5,Downregulated,NA,0,NA,NA,NA,NA,NA,NA,NA,No matched supplement feature,NA,Milk · pn34,Milk · 3-4 months,Not reliably detected in supplement,Milk__pn34__RLC_POS_MTB_2876821,Milk__pn34__RLC_POS_MTB_2876821,m/z 185.1291
531,Maternal plasma,pn12,RLC_POS_MTB_2853990,186.1342,0.2066667,positive,-0.80123819009164,6.4638835830141e-6,0.00261046631784851,Downregulated,NA,0,NA,NA,NA,NA,NA,NA,NA,No matched supplement feature,NA,Maternal plasma · pn12,Maternal plasma · 1-2 months,Not reliably detected in supplement,Maternal plasma__pn12__RLC_POS_MTB_2853990,Milk__pn34__RLC_POS_MTB_2996661,m/z 186.1342
1004,Milk,pn34,RLC_POS_MTB_2996661,186.1349,NA,positive,-0.48,NA,0.021,Downregulated,NA,0,NA,NA,NA,NA,NA,NA,NA,No matched supplement feature,NA,Milk · pn34,Milk · 3-4 months,Not reliably detected in supplement,Milk__pn34__RLC_POS_MTB_2996661,Milk__pn34__RLC_POS_MTB_2996661,m/z 186.1342
499,Maternal plasma,pn12,RLC_POS_MTB_2463210,207.1113,0.1674,positive,-0.680126018609639,6.2652908538547e-4,0.0338308254044495,Downregulated,NA,0,NA,NA,NA,NA,NA,NA,NA,No matched supplement feature,NA,Maternal plasma · pn12,Maternal plasma · 1-2 months,Not reliably detected in supplement,Maternal plasma__pn12__RLC_POS_MTB_2463210,Milk__pn34__RLC_POS_MTB_3064492,m/z 207.1113
874,Milk,pn34,RLC_POS_MTB_3064492,207.1119,NA,positive,-0.49,NA,0.0072,Downregulated,NA,0,NA,NA,NA,NA,NA,NA,NA,No matched supplement feature,NA,Milk · pn34,Milk · 3-4 months,Not reliably detected in supplement,Milk__pn34__RLC_POS_MTB_3064492,Milk__pn34__RLC_POS_MTB_3064492,m/z 207.1113
552,Maternal plasma,pn12,RLC_POS_MTB_3075934,548.3659,0.2211333,positive,-0.647457401058319,1.4177265183235e-4,0.0146184194455863,Downregulated,NA,0,NA,NA,NA,NA,NA,NA,NA,No matched supplement feature,NA,Maternal plasma · pn12,Maternal plasma · 1-2 months,Not reliably detected in supplement,Maternal plasma__pn12__RLC_POS_MTB_3075934,Milk__pn34__RLC_POS_MTB_3954258,m/z 548.3659
972,Milk,pn34,RLC_POS_MTB_3954258,548.377,NA,positive,-0.46,NA,0.018,Downregulated,NA,0,NA,NA,NA,NA,NA,NA,NA,No matched supplement feature,NA,Milk · pn34,Milk · 3-4 months,Not reliably detected in supplement,Milk__pn34__RLC_POS_MTB_3954258,Milk__pn34__RLC_POS_MTB_3954258,m/z 548.3659
622,Maternal plasma,pn12,RLC_POS_MTB_6302353,655.565,0.4154,positive,-0.80121849691326,3.50244753397111e-5,0.00707239015062812,Downregulated,NA,0,NA,NA,NA,NA,NA,NA,NA,No matched supplement feature,NA,Maternal plasma · pn12,Maternal plasma · 1-2 months,Not reliably detected in supplement,Maternal plasma__pn12__RLC_POS_MTB_6302353,Milk__pn34__RLC_POS_MTB_5412518,m/z 655.565
1010,Milk,pn34,RLC_POS_MTB_5412518,655.554,NA,positive,-0.43,NA,0.022,Downregulated,NA,0,NA,NA,NA,NA,NA,NA,NA,No matched supplement feature,NA,Milk · pn34,Milk · 3-4 months,Not reliably detected in supplement,Milk__pn34__RLC_POS_MTB_5412518,Milk__pn34__RLC_POS_MTB_5412518,m/z 655.565
1199,Milk,pn12,RLC_POS_MTB_5994773,655.5652,NA,positive,-0.41,NA,0.036,Downregulated,NA,0,NA,NA,NA,NA,NA,NA,NA,No matched supplement feature,NA,Milk · pn12,Milk · 1-2 months,Not reliably detected in supplement,Milk__pn12__RLC_POS_MTB_5994773,Milk__pn34__RLC_POS_MTB_5412518,m/z 655.565
30,Maternal VAMS,pn56,VAM_1001196,153.066,0.121,positive,0.606168671020924,9.25587556852831e-8,3.1544255471536e-4,Upregulated,N(pi)-Methyl-L-histidine,5,npimethyllhistidine,NA,NA,NA,NA,NA,NA,No matched supplement feature,N(pi)-Methyl-L-histidine,Maternal VAMS · pn56,Maternal VAMS · 5-6 months,Not reliably detected in supplement,Maternal VAMS__pn56__VAM_1001196,Maternal VAMS__pn56__VAM_1001196,N(pi)-Methyl-L-histidine
567,Maternal plasma,pn12,RLC_POS_MTB_3283937,153.0655,0.2438667,positive,0.890939502015833,2.08290130701256e-6,0.00115362976675539,Upregulated,N1-Methyl-2-pyridone-5-carboxamide,2,n1methyl2pyridone5carboxamide,NA,NA,NA,NA,NA,NA,No matched supplement feature,N1-Methyl-2-pyridone-5-carboxamide,Maternal plasma · pn12,Maternal plasma · 1-2 months,Not reliably detected in supplement,Maternal plasma__pn12__RLC_POS_MTB_3283937,Maternal VAMS__pn56__VAM_1001196,N(pi)-Methyl-L-histidine
684,Milk,pn34,RLC_POS_MTB_2900392,153.0655,NA,positive,1.06,NA,1.7000000000000002e-22,Upregulated,N1-Methyl-2-pyridone-5-carboxamide,2,n1methyl2pyridone5carboxamide,NA,NA,NA,NA,NA,NA,No matched supplement feature,N1-Methyl-2-pyridone-5-carboxamide,Milk · pn34,Milk · 3-4 months,Not reliably detected in supplement,Milk__pn34__RLC_POS_MTB_2900392,Maternal VAMS__pn56__VAM_1001196,N(pi)-Methyl-L-histidine
31,Maternal VAMS,pn56,VAM_1001424,160.133,0.075,positive,0.765968798175152,3.88698813308144e-12,2.51105911710616e-8,Upregulated,Acid,1,acid,rLC_pos_mtb_1544198,TRUE,TRUE,FALSE,Mass within 25 ppm,0.624480510296245,Reliably detected,NA,Maternal VAMS · pn56,Maternal VAMS · 5-6 months,Detected in supplement,Maternal VAMS__pn56__VAM_1001424,Maternal VAMS__pn56__VAM_1001424,m/z 160.133
12,Infant VAMS,pn56,VAM_1001424,160.133,0.075,positive,0.713160501930911,1.05352839677183e-10,5.83368774103899e-7,Upregulated,Acid,1,acid,rLC_pos_mtb_1544198,TRUE,TRUE,FALSE,Mass within 25 ppm,0.624480510296245,Reliably detected,NA,Infant VAMS · pn56,Infant VAMS · 5-6 months,Detected in supplement,Infant VAMS__pn56__VAM_1001424,Maternal VAMS__pn56__VAM_1001424,m/z 160.133
4,Infant VAMS,pn34,VAM_1001424,160.133,0.075,positive,0.555190310604611,1.45407234027244e-6,0.00805161399732858,Upregulated,Acid,1,acid,rLC_pos_mtb_1544198,TRUE,TRUE,FALSE,Mass within 25 ppm,0.624480510296245,Reliably detected,NA,Infant VAMS · pn34,Infant VAMS · 3-4 months,Detected in supplement,Infant VAMS__pn34__VAM_1001424,Maternal VAMS__pn56__VAM_1001424,m/z 160.133
23,Infant VAMS,pn56,VAM_2002077,165.092,0.392,negative,0.840590318678806,2.02969411028688e-17,1.3112162234805e-13,Upregulated,Perillic acid,2,perillicacid,NA,NA,NA,NA,NA,NA,No matched supplement feature,Perillic acid,Infant VAMS · pn56,Infant VAMS · 5-6 months,Not reliably detected in supplement,Infant VAMS__pn56__VAM_2002077,Maternal plasma__tri3__RLC_NEG_MTB_2206686,Perillic acid
151,Maternal plasma,pn12,RLC_NEG_MTB_2206686,165.0918,0.2645333,negative,1.12306605363697,6.54112757159603e-10,1.26799757975389e-6,Upregulated,Perillic acid,1,perillicacid,NA,NA,NA,NA,NA,NA,No matched supplement feature,Perillic acid,Maternal plasma · pn12,Maternal plasma · 1-2 months,Not reliably detected in supplement,Maternal plasma__pn12__RLC_NEG_MTB_2206686,Maternal plasma__tri3__RLC_NEG_MTB_2206686,Perillic acid
38,Maternal VAMS,pn56,VAM_2002077,165.092,0.392,negative,0.590507523196581,1.08833997910907e-7,3.2450112254035e-4,Upregulated,Perillic acid,2,perillicacid,NA,NA,NA,NA,NA,NA,No matched supplement feature,Perillic acid,Maternal VAMS · pn56,Maternal VAMS · 5-6 months,Not reliably detected in supplement,Maternal VAMS__pn56__VAM_2002077,Maternal plasma__tri3__RLC_NEG_MTB_2206686,Perillic acid
659,Maternal plasma,tri3,RLC_NEG_MTB_2206686,165.0918,0.2645333,negative,0.594005118801914,1.79355399170241e-6,0.00695360882583024,Upregulated,NA,NA,NA,NA,NA,NA,NA,NA,NA,No matched supplement feature,NA,Maternal plasma · tri3,Maternal plasma · Third trimester,Not reliably detected in supplement,Maternal plasma__tri3__RLC_NEG_MTB_2206686,Maternal plasma__tri3__RLC_NEG_MTB_2206686,Perillic acid
11,Infant VAMS,pn34,VAM_2002077,165.092,0.392,negative,0.359225720546424,4.84072720756429e-6,0.0234539284115499,Upregulated,NA,0,NA,NA,NA,NA,NA,NA,NA,No matched supplement feature,NA,Infant VAMS · pn34,Infant VAMS · 3-4 months,Not reliably detected in supplement,Infant VAMS__pn34__VAM_2002077,Maternal plasma__tri3__RLC_NEG_MTB_2206686,Perillic acid
334,Maternal plasma,pn12,RLC_NEG_MTB_4206296,349.0544,0.5063334,negative,0.725883022781082,8.9697409019408e-4,0.0407316597300359,Upregulated,Sedoheptulose 1-phosphate,2,sedoheptulose1phosphate,rLC_neg_mtb_956366,TRUE,TRUE,FALSE,Mass within 25 ppm,0,Reliably detected,Sedoheptulose 1-phosphate,Maternal plasma · pn12,Maternal plasma · 1-2 months,Detected in supplement,Maternal plasma__pn12__RLC_NEG_MTB_4206296,Milk__1421d__RLC_NEG_MTB_2296565,Sedoheptulose 1-phosphate
747,Milk,1421d,RLC_NEG_MTB_2296565,289.0362,NA,negative,0.63,NA,4.2e-5,Upregulated,Sedoheptulose 1-phosphate,2,sedoheptulose1phosphate,rLC_neg_mtb_1373844,TRUE,TRUE,FALSE,Mass within 25 ppm,1.03793335008398,Reliably detected,Sedoheptulose 1-phosphate,Milk · 1421d,Milk · 14-21 days,Detected in supplement,Milk__1421d__RLC_NEG_MTB_2296565,Milk__1421d__RLC_NEG_MTB_2296565,Sedoheptulose 1-phosphate
215,Maternal plasma,pn12,RLC_NEG_MTB_3444922,278.2203,0.3802667,negative,0.769324968341559,2.2459128659593e-4,0.0187404062132404,Upregulated,"(6Z,9Z,12Z)-Octadecatrienoic acid",2,6z9z12zoctadecatrienoicacid,rLC_neg_mtb_3905783,TRUE,TRUE,FALSE,Mass within 25 ppm,2.15655976946043,Reliably detected,"(6Z,9Z,12Z)-Octadecatrienoic acid",Maternal plasma · pn12,Maternal plasma · 1-2 months,Detected in supplement,Maternal plasma__pn12__RLC_NEG_MTB_3444922,Milk__1421d__RLC_NEG_MTB_5086958,"(6Z,9Z,12Z)-Octadecatrienoic acid"
822,Milk,1421d,RLC_NEG_MTB_5041133,277.2179,NA,negative,0.51,NA,0.004,Upregulated,Alpha-linolenic acid_[M-H]-,5,alphalinolenicacidmh,rLC_neg_mtb_3905774,TRUE,TRUE,FALSE,Mass within 25 ppm,3.60728368283591,Reliably detected,Alpha-linolenic acid_[M-H]-,Milk · 1421d,Milk · 14-21 days,Detected in supplement,Milk__1421d__RLC_NEG_MTB_5041133,Milk__1421d__RLC_NEG_MTB_5086958,"(6Z,9Z,12Z)-Octadecatrienoic acid"
666,Maternal plasma,tri3,RLC_POS_MTB_2714397,310.2022,0.1963333,positive,0.61487102901507,7.49530617070274e-7,0.00484321700396909,Upregulated,NA,NA,NA,NA,NA,NA,NA,NA,NA,No matched supplement feature,NA,Maternal plasma · tri3,Maternal plasma · Third trimester,Not reliably detected in supplement,Maternal plasma__tri3__RLC_POS_MTB_2714397,Milk__pn12__RLC_POS_MTB_2728271,m/z 310.2022
516,Maternal plasma,pn12,RLC_POS_MTB_2714397,310.2022,0.1963333,positive,0.823736296182593,2.4048081024185e-4,0.0193346434976578,Upregulated,NA,0,NA,NA,NA,NA,NA,NA,NA,No matched supplement feature,NA,Maternal plasma · pn12,Maternal plasma · 1-2 months,Not reliably detected in supplement,Maternal plasma__pn12__RLC_POS_MTB_2714397,Milk__pn12__RLC_POS_MTB_2728271,m/z 310.2022
839,Milk,pn12,RLC_POS_MTB_2728271,310.2037,NA,positive,0.51,NA,0.005,Upregulated,NA,0,NA,NA,NA,NA,NA,NA,NA,No matched supplement feature,NA,Milk · pn12,Milk · 1-2 months,Not reliably detected in supplement,Milk__pn12__RLC_POS_MTB_2728271,Milk__pn12__RLC_POS_MTB_2728271,m/z 310.2022
8,Infant VAMS,pn34,VAM_1005523,286.202,0.323,positive,1.20086098128572,3.5694109503202696e-45,1.3835393784536399e-40,Upregulated,Octenoylcarnitine,0,octenoylcarnitine,NA,NA,NA,NA,NA,NA,No matched supplement feature,Octenoylcarnitine,Infant VAMS · pn34,Infant VAMS · 3-4 months,Not reliably detected in supplement,Infant VAMS__pn34__VAM_1005523,Milk__pn12__RLC_POS_MTB_3033006,Octenoylcarnitine
16,Infant VAMS,pn56,VAM_1005523,286.202,0.323,positive,1.04314302233238,4.04127686892793e-28,1.56643932716516e-23,Upregulated,Octenoylcarnitine,0,octenoylcarnitine,NA,NA,NA,NA,NA,NA,No matched supplement feature,Octenoylcarnitine,Infant VAMS · pn56,Infant VAMS · 5-6 months,Not reliably detected in supplement,Infant VAMS__pn56__VAM_1005523,Milk__pn12__RLC_POS_MTB_3033006,Octenoylcarnitine
2,Infant VAMS,pn12,VAM_1005523,286.202,0.323,positive,1.04377265115873,1.5635550015962e-24,6.06049554168703e-20,Upregulated,Octenoylcarnitine,0,octenoylcarnitine,NA,NA,NA,NA,NA,NA,No matched supplement feature,Octenoylcarnitine,Infant VAMS · pn12,Infant VAMS · 1-2 months,Not reliably detected in supplement,Infant VAMS__pn12__VAM_1005523,Milk__pn12__RLC_POS_MTB_3033006,Octenoylcarnitine
509,Maternal plasma,pn12,RLC_POS_MTB_2679130,286.2021,0.2025333,positive,1.33151165402264,4.00560635550937e-17,3.8824339600774597e-13,Upregulated,NA,0,NA,NA,NA,NA,NA,NA,NA,No matched supplement feature,NA,Maternal plasma · pn12,Maternal plasma · 1-2 months,Not reliably detected in supplement,Maternal plasma__pn12__RLC_POS_MTB_2679130,Milk__pn12__RLC_POS_MTB_3033006,Octenoylcarnitine
33,Maternal VAMS,pn56,VAM_1005523,286.202,0.323,positive,0.782592127394795,6.55313086766776e-14,8.466863518722341e-10,Upregulated,Octenoylcarnitine,0,octenoylcarnitine,NA,NA,NA,NA,NA,NA,No matched supplement feature,Octenoylcarnitine,Maternal VAMS · pn56,Maternal VAMS · 5-6 months,Not reliably detected in supplement,Maternal VAMS__pn56__VAM_1005523,Milk__pn12__RLC_POS_MTB_3033006,Octenoylcarnitine
665,Maternal plasma,tri3,RLC_POS_MTB_2679130,286.2021,0.2025333,positive,0.87348957143322,1.2806078215834901e-10,2.4824582621396e-6,Upregulated,NA,NA,NA,NA,NA,NA,NA,NA,NA,No matched supplement feature,NA,Maternal plasma · tri3,Maternal plasma · Third trimester,Not reliably detected in supplement,Maternal plasma__tri3__RLC_POS_MTB_2679130,Milk__pn12__RLC_POS_MTB_3033006,Octenoylcarnitine
62,Maternal plasma,incl,RLC_POS_MTB_3417659,286.1984,0.2397333,positive,0.851082262247797,1.07207151537881e-6,0.0188325903936616,Upregulated,NA,NA,NA,NA,NA,NA,NA,NA,NA,No matched supplement feature,NA,Maternal plasma · incl,Maternal plasma · Enrollment,Not reliably detected in supplement,Maternal plasma__incl__RLC_POS_MTB_3417659,Milk__pn12__RLC_POS_MTB_3033006,Octenoylcarnitine
689,Milk,pn12,RLC_POS_MTB_3033006,286.1981,NA,positive,0.95,NA,6.5e-18,Upregulated,NA,0,NA,NA,NA,NA,NA,NA,NA,No matched supplement feature,NA,Milk · pn12,Milk · 1-2 months,Not reliably detected in supplement,Milk__pn12__RLC_POS_MTB_3033006,Milk__pn12__RLC_POS_MTB_3033006,Octenoylcarnitine
138,Maternal plasma,pn12,RLC_NEG_MTB_172104,305.0168,0.031,negative,0.698279377882157,7.7158716754456e-4,0.0373633121002128,Upregulated,"2',3'-Cyclic UMP",3,23cyclicump,rLC_neg_mtb_19412,TRUE,TRUE,FALSE,Mass within 25 ppm,19.0149844635185,Reliably detected,"2',3'-Cyclic UMP",Maternal plasma · pn12,Maternal plasma · 1-2 months,Detected in supplement,Maternal plasma__pn12__RLC_NEG_MTB_172104,Milk__pn34__RLC_NEG_MTB_10261,"2',3'-Cyclic UMP"
1072,Milk,pn34,RLC_NEG_MTB_10261,305.0226,NA,negative,0.45,NA,0.027,Upregulated,Ifosfamide,2,ifosfamide,rLC_neg_mtb_19412,TRUE,TRUE,FALSE,Mass within 25 ppm,0,Reliably detected,Ifosfamide,Milk · pn34,Milk · 3-4 months,Detected in supplement,Milk__pn34__RLC_NEG_MTB_10261,Milk__pn34__RLC_NEG_MTB_10261,"2',3'-Cyclic UMP"
426,Maternal plasma,pn12,RLC_NEG_MTB_910604,151.025,0.1178,negative,0.718613489646875,6.75381171525689e-5,0.00984380752633495,Upregulated,(R)-Glycerate,8,rglycerate,rLC_neg_mtb_1371248,TRUE,TRUE,FALSE,Mass within 25 ppm,5.29710817620655,Reliably detected,(R)-Glycerate,Maternal plasma · pn12,Maternal plasma · 1-2 months,Detected in supplement,Maternal plasma__pn12__RLC_NEG_MTB_910604,Milk__pn34__RLC_NEG_MTB_1203190,(R)-Glycerate
1128,Milk,pn34,RLC_NEG_MTB_1203190,87.0089,NA,negative,0.43,NA,0.033,Upregulated,(R)-Glycerate,8,rglycerate,rLC_neg_mtb_117211,TRUE,TRUE,FALSE,Mass within 25 ppm,1.14930903544607,Reliably detected,(R)-Glycerate,Milk · pn34,Milk · 3-4 months,Detected in supplement,Milk__pn34__RLC_NEG_MTB_1203190,Milk__pn34__RLC_NEG_MTB_1203190,(R)-Glycerate
370,Maternal plasma,pn12,RLC_NEG_MTB_711927,322.0438,0.09506667,negative,1.01248293419524,3.11935752602347e-8,3.35937475788694e-5,Upregulated,CMP,1,cmp,NA,NA,NA,NA,NA,NA,No matched supplement feature,CMP,Maternal plasma · pn12,Maternal plasma · 1-2 months,Not reliably detected in supplement,Maternal plasma__pn12__RLC_NEG_MTB_711927,Milk__pn34__RLC_NEG_MTB_1261959,CMP
847,Milk,pn34,RLC_NEG_MTB_1261959,363.0727,NA,negative,0.51,NA,0.005,Upregulated,CMP,1,cmp,rLC_neg_mtb_5671697,TRUE,TRUE,FALSE,Mass within 25 ppm,3.85599192221922,Reliably detected,CMP,Milk · pn34,Milk · 3-4 months,Detected in supplement,Milk__pn34__RLC_NEG_MTB_1261959,Milk__pn34__RLC_NEG_MTB_1261959,CMP
393,Maternal plasma,pn12,RLC_NEG_MTB_821230,57.0349,0.1198667,negative,0.69773964431993,1.4466418394353e-4,0.0147595537144492,Upregulated,Acetone,2,acetone,rLC_neg_mtb_1270497,TRUE,TRUE,FALSE,Mass within 25 ppm,0,Reliably detected,Acetone,Maternal plasma · pn12,Maternal plasma · 1-2 months,Detected in supplement,Maternal plasma__pn12__RLC_NEG_MTB_821230,Milk__pn34__RLC_NEG_MTB_1483668,Acetone
937,Milk,pn34,RLC_NEG_MTB_1483668,57.0349,NA,negative,0.47,NA,0.014,Upregulated,Acetone,2,acetone,rLC_neg_mtb_1270497,TRUE,TRUE,FALSE,Mass within 25 ppm,0,Reliably detected,Acetone,Milk · pn34,Milk · 3-4 months,Detected in supplement,Milk__pn34__RLC_NEG_MTB_1483668,Milk__pn34__RLC_NEG_MTB_1483668,Acetone
144,Maternal plasma,pn12,RLC_NEG_MTB_201238,337.0849,0.0496,negative,1.01011976334867,6.64044238277133e-8,6.77499871526433e-5,Upregulated,NA,0,NA,NA,NA,NA,NA,NA,NA,No matched supplement feature,NA,Maternal plasma · pn12,Maternal plasma · 1-2 months,Not reliably detected in supplement,Maternal plasma__pn12__RLC_NEG_MTB_201238,Milk__pn34__RLC_NEG_MTB_1541740,m/z 337.0849
679,Milk,pn34,RLC_NEG_MTB_1541740,337.0768,NA,negative,1.11,NA,1.6e-26,Upregulated,NA,0,NA,rLC_neg_mtb_1142287,TRUE,TRUE,FALSE,Mass within 25 ppm,8.60345461339785,Reliably detected,NA,Milk · pn34,Milk · 3-4 months,Detected in supplement,Milk__pn34__RLC_NEG_MTB_1541740,Milk__pn34__RLC_NEG_MTB_1541740,m/z 337.0849
25,Infant VAMS,pn56,VAM_2003705,208.986,0.16,negative,0.572694116377552,2.49008519357267e-7,8.0431826823391e-4,Upregulated,Dehydroascorbate,2,dehydroascorbate,rLC_neg_mtb_1355281,TRUE,TRUE,FALSE,Mass within 25 ppm,0.47850118119605,Reliably detected,Dehydroascorbate,Infant VAMS · pn56,Infant VAMS · 5-6 months,Detected in supplement,Infant VAMS__pn56__VAM_2003705,Milk__pn34__RLC_NEG_MTB_1801271,Dehydroascorbate
718,Milk,pn34,RLC_NEG_MTB_1801271,208.9853,NA,negative,0.76,NA,4.7e-9,Upregulated,Dehydroascorbate,2,dehydroascorbate,rLC_neg_mtb_1355281,TRUE,TRUE,FALSE,Mass within 25 ppm,2.8710070870403,Reliably detected,Dehydroascorbate,Milk · pn34,Milk · 3-4 months,Detected in supplement,Milk__pn34__RLC_NEG_MTB_1801271,Milk__pn34__RLC_NEG_MTB_1801271,Dehydroascorbate
22,Infant VAMS,pn56,VAM_2001392,142.998,0.167,negative,0.96516602064093,1.42502400173102e-22,1.3808838832774e-18,Upregulated,4-Hydroxy-2-oxoglutarate,1,4hydroxy2oxoglutarate,rLC_neg_mtb_1354577,TRUE,TRUE,FALSE,Mass within 25 ppm,1.3986229157247,Reliably detected,4-Hydroxy-2-oxoglutarate,Infant VAMS · pn56,Infant VAMS · 5-6 months,Detected in supplement,Infant VAMS__pn56__VAM_2001392,Milk__pn34__RLC_NEG_MTB_1830814,4-Hydroxy-2-oxoglutarate
36,Maternal VAMS,pn56,VAM_2001392,142.998,0.167,negative,0.535829644980467,2.6131571806873e-6,0.0067525723653747,Upregulated,4-Hydroxy-2-oxoglutarate,1,4hydroxy2oxoglutarate,rLC_neg_mtb_1354577,TRUE,TRUE,FALSE,Mass within 25 ppm,1.3986229157247,Reliably detected,4-Hydroxy-2-oxoglutarate,Maternal VAMS · pn56,Maternal VAMS · 5-6 months,Detected in supplement,Maternal VAMS__pn56__VAM_2001392,Milk__pn34__RLC_NEG_MTB_1830814,4-Hydroxy-2-oxoglutarate
703,Milk,pn34,RLC_NEG_MTB_1830814,142.9984,NA,negative,0.87,NA,7.1e-13,Upregulated,4-Hydroxy-2-oxoglutarate,1,4hydroxy2oxoglutarate,rLC_neg_mtb_1354577,TRUE,TRUE,FALSE,Mass within 25 ppm,4.19586874757161,Reliably detected,4-Hydroxy-2-oxoglutarate,Milk · pn34,Milk · 3-4 months,Detected in supplement,Milk__pn34__RLC_NEG_MTB_1830814,Milk__pn34__RLC_NEG_MTB_1830814,4-Hydroxy-2-oxoglutarate
400,Maternal plasma,pn12,RLC_NEG_MTB_844026,111.0085,0.1219333,negative,0.743370355817483,2.26011597333207e-5,0.00568991534325223,Upregulated,Mesaconate,2,mesaconate,rLC_neg_mtb_3758516,TRUE,TRUE,FALSE,Mass within 25 ppm,0,Reliably detected,Mesaconate,Maternal plasma · pn12,Maternal plasma · 1-2 months,Detected in supplement,Maternal plasma__pn12__RLC_NEG_MTB_844026,Milk__pn34__RLC_NEG_MTB_1878648,Mesaconate
752,Milk,pn34,RLC_NEG_MTB_1878648,189.042,NA,negative,0.6,NA,5.9e-5,Upregulated,Mesaconate,7,mesaconate,rLC_neg_mtb_1621836,TRUE,TRUE,FALSE,Mass within 25 ppm,16.9277418180423,Reliably detected,Mesaconate,Milk · pn34,Milk · 3-4 months,Detected in supplement,Milk__pn34__RLC_NEG_MTB_1878648,Milk__pn34__RLC_NEG_MTB_1878648,Mesaconate
978,Milk,pn12,RLC_NEG_MTB_5348248,175.0204,NA,negative,0.43,NA,0.019,Upregulated,Mesaconate,3,mesaconate,rLC_neg_mtb_5348248,TRUE,FALSE,FALSE,Exact feature identifier,0,Detected,Mesaconate,Milk · pn12,Milk · 1-2 months,Not reliably detected in supplement,Milk__pn12__RLC_NEG_MTB_5348248,Milk__pn34__RLC_NEG_MTB_1878648,Mesaconate
26,Infant VAMS,pn56,VAM_2004233,226.997,0.163,negative,0.973997364369831,3.7603081876476595e-25,4.8584435220470304e-21,Upregulated,NA,0,NA,rLC_neg_mtb_1315956,TRUE,TRUE,FALSE,Mass within 25 ppm,3.52428807189969,Reliably detected,NA,Infant VAMS · pn56,Infant VAMS · 5-6 months,Detected in supplement,Infant VAMS__pn56__VAM_2004233,Milk__pn34__RLC_NEG_MTB_1879289,Citrate
41,Maternal VAMS,pn56,VAM_2004233,226.997,0.163,negative,0.834024355454203,3.54164981922949e-16,1.3727788864315398e-11,Upregulated,NA,0,NA,rLC_neg_mtb_1315956,TRUE,TRUE,FALSE,Mass within 25 ppm,3.52428807189969,Reliably detected,NA,Maternal VAMS · pn56,Maternal VAMS · 5-6 months,Detected in supplement,Maternal VAMS__pn56__VAM_2004233,Milk__pn34__RLC_NEG_MTB_1879289,Citrate
403,Maternal plasma,pn12,RLC_NEG_MTB_845389,192.0227,0.1529333,negative,0.790331243224001,3.10879729747578e-5,0.00669600395684089,Upregulated,Citrate,2,citrate,rLC_neg_mtb_310189,TRUE,TRUE,FALSE,Mass within 25 ppm,0.520772033994425,Reliably detected,Citrate,Maternal plasma · pn12,Maternal plasma · 1-2 months,Detected in supplement,Maternal plasma__pn12__RLC_NEG_MTB_845389,Milk__pn34__RLC_NEG_MTB_1879289,Citrate
741,Milk,pn34,RLC_NEG_MTB_1879289,226.996,NA,negative,0.63,NA,2.4e-5,Upregulated,Citrate,4,citrate,rLC_neg_mtb_434131,TRUE,TRUE,FALSE,Mass within 25 ppm,0.440536203059522,Reliably detected,Citrate,Milk · pn34,Milk · 3-4 months,Detected in supplement,Milk__pn34__RLC_NEG_MTB_1879289,Milk__pn34__RLC_NEG_MTB_1879289,Citrate
436,Maternal plasma,pn12,RLC_NEG_MTB_932886,182.0458,0.1467333,negative,0.967107406951642,9.11308963197907e-7,6.0916290522729e-4,Upregulated,Pyridoxal,3,pyridoxal,rLC_neg_mtb_1454376,TRUE,TRUE,FALSE,Mass within 25 ppm,1.09862342472901,Reliably detected,Pyridoxal,Maternal plasma · pn12,Maternal plasma · 1-2 months,Detected in supplement,Maternal plasma__pn12__RLC_NEG_MTB_932886,Milk__pn34__RLC_NEG_MTB_1948059,Pyridoxal
722,Milk,pn34,RLC_NEG_MTB_1948059,166.0493,NA,negative,0.72,NA,3.6e-8,Upregulated,Pyridoxal,1,pyridoxal,rLC_neg_mtb_1251896,TRUE,TRUE,FALSE,Mass within 25 ppm,1.80669561383409,Reliably detected,Pyridoxal,Milk · pn34,Milk · 3-4 months,Detected in supplement,Milk__pn34__RLC_NEG_MTB_1948059,Milk__pn34__RLC_NEG_MTB_1948059,Pyridoxal
318,Maternal plasma,pn12,RLC_NEG_MTB_4055534,288.0336,0.4670667,negative,0.841918530908822,3.06897194552683e-5,0.00669600395684089,Upregulated,NA,0,NA,rLC_neg_mtb_4633538,TRUE,TRUE,FALSE,Mass within 25 ppm,1.73590557522536,Reliably detected,NA,Maternal plasma · pn12,Maternal plasma · 1-2 months,Detected in supplement,Maternal plasma__pn12__RLC_NEG_MTB_4055534,Milk__pn34__RLC_NEG_MTB_2001936,dCMP
693,Milk,pn34,RLC_NEG_MTB_2001936,288.0419,NA,negative,0.94,NA,6.3e-16,Upregulated,dCMP,1,dcmp,rLC_neg_mtb_1069420,TRUE,TRUE,FALSE,Mass within 25 ppm,23.9554220840289,Reliably detected,dCMP,Milk · pn34,Milk · 3-4 months,Detected in supplement,Milk__pn34__RLC_NEG_MTB_2001936,Milk__pn34__RLC_NEG_MTB_2001936,dCMP
749,Milk,1421d,RLC_NEG_MTB_2327059,288.037,NA,negative,0.63,NA,5.3e-5,Upregulated,dCMP,1,dcmp,rLC_neg_mtb_1069420,TRUE,TRUE,FALSE,Mass within 25 ppm,6.94360060392906,Reliably detected,dCMP,Milk · 1421d,Milk · 14-21 days,Detected in supplement,Milk__1421d__RLC_NEG_MTB_2327059,Milk__pn34__RLC_NEG_MTB_2001936,dCMP
425,Maternal plasma,pn12,RLC_NEG_MTB_894821,359.0477,0.1178,negative,0.629812469104979,2.7151649464033e-4,0.0208059768182124,Upregulated,N2-Formyl-N1-(5-phospho-D-ribosyl)glycinamide,1,n2formyln15phosphodribosylglycinamide,NA,NA,NA,NA,NA,NA,No matched supplement feature,N2-Formyl-N1-(5-phospho-D-ribosyl)glycinamide,Maternal plasma · pn12,Maternal plasma · 1-2 months,Not reliably detected in supplement,Maternal plasma__pn12__RLC_NEG_MTB_894821,Milk__pn34__RLC_NEG_MTB_2031929,N2-Formyl-N1-(5-phospho-D-ribosyl)glycinamide
709,Milk,pn34,RLC_NEG_MTB_2031929,359.0436,NA,negative,0.84,NA,6.2e-11,Upregulated,NA,0,NA,rLC_neg_mtb_5713936,TRUE,TRUE,FALSE,Mass within 25 ppm,23.3960347064897,Reliably detected,NA,Milk · pn34,Milk · 3-4 months,Detected in supplement,Milk__pn34__RLC_NEG_MTB_2031929,Milk__pn34__RLC_NEG_MTB_2031929,N2-Formyl-N1-(5-phospho-D-ribosyl)glycinamide
39,Maternal VAMS,pn56,VAM_2003467,201.023,0.375,negative,0.738474809095985,1.45475200344845e-12,1.12775284811331e-8,Upregulated,NA,0,NA,rLC_neg_mtb_1372186,TRUE,TRUE,FALSE,Mass within 25 ppm,0.497455762519194,Reliably detected,NA,Maternal VAMS · pn56,Maternal VAMS · 5-6 months,Detected in supplement,Maternal VAMS__pn56__VAM_2003467,Milk__pn34__RLC_NEG_MTB_2294965,m/z 201.023
441,Maternal plasma,pn12,RLC_NEG_MTB_953661,201.0233,0.124,negative,1.05053528161149,9.36647031449798e-9,1.21046018031029e-5,Upregulated,NA,0,NA,rLC_neg_mtb_1372186,TRUE,TRUE,FALSE,Mass within 25 ppm,1.98982305007678,Reliably detected,NA,Maternal plasma · pn12,Maternal plasma · 1-2 months,Detected in supplement,Maternal plasma__pn12__RLC_NEG_MTB_953661,Milk__pn34__RLC_NEG_MTB_2294965,m/z 201.023
663,Maternal plasma,tri3,RLC_NEG_MTB_953661,201.0233,0.124,negative,0.572330031821499,5.22399698983448e-6,0.0144667402354202,Upregulated,NA,NA,NA,rLC_neg_mtb_1372186,TRUE,TRUE,FALSE,Mass within 25 ppm,1.98982305007678,Reliably detected,NA,Maternal plasma · tri3,Maternal plasma · Third trimester,Detected in supplement,Maternal plasma__tri3__RLC_NEG_MTB_953661,Milk__pn34__RLC_NEG_MTB_2294965,m/z 201.023
1223,Milk,pn34,RLC_NEG_MTB_2294965,201.0266,NA,negative,0.43,NA,0.038,Upregulated,NA,0,NA,rLC_neg_mtb_2286459,TRUE,TRUE,TRUE,Mass within 25 ppm,4.47703950291657,Supplement-abundant,NA,Milk · pn34,Milk · 3-4 months,Supplement-abundant,Milk__pn34__RLC_NEG_MTB_2294965,Milk__pn34__RLC_NEG_MTB_2294965,m/z 201.023
35,Maternal VAMS,pn56,VAM_2000920,135.03,0.148,negative,0.681086824674923,1.3956344364827602e-9,6.01068737694536e-6,Upregulated,Threonic acid,10,threonicacid,rLC_neg_mtb_1298230,TRUE,TRUE,FALSE,Mass within 25 ppm,2.96231344840893,Reliably detected,Threonic acid,Maternal VAMS · pn56,Maternal VAMS · 5-6 months,Detected in supplement,Maternal VAMS__pn56__VAM_2000920,Milk__pn34__RLC_NEG_MTB_7715155,Threonic acid
349,Maternal plasma,pn12,RLC_NEG_MTB_4654913,135.0289,0.5683333,negative,0.711546249008814,3.41062981792687e-5,0.00705687739500168,Upregulated,D-Lactate,9,dlactate,rLC_neg_mtb_1298230,TRUE,TRUE,FALSE,Mass within 25 ppm,5.18404853450515,Reliably detected,D-Lactate,Maternal plasma · pn12,Maternal plasma · 1-2 months,Detected in supplement,Maternal plasma__pn12__RLC_NEG_MTB_4654913,Milk__pn34__RLC_NEG_MTB_7715155,Threonic acid
748,Milk,pn34,RLC_NEG_MTB_1643242,135.0293,NA,negative,0.6,NA,5.1e-5,Upregulated,D-Lactate,7,dlactate,rLC_neg_mtb_1298230,TRUE,TRUE,FALSE,Mass within 25 ppm,2.22173508609621,Reliably detected,D-Lactate,Milk · pn34,Milk · 3-4 months,Detected in supplement,Milk__pn34__RLC_NEG_MTB_1643242,Milk__pn34__RLC_NEG_MTB_7715155,Threonic acid
5,Infant VAMS,pn34,VAM_1003290,220.118,0.167,positive,0.748646838148351,5.4276901337903994e-12,7.01275657586166e-8,Upregulated,N-Acetylserotonin,4,nacetylserotonin,NA,NA,NA,NA,NA,NA,No matched supplement feature,N-Acetylserotonin,Infant VAMS · pn34,Infant VAMS · 3-4 months,Not reliably detected in supplement,Infant VAMS__pn34__VAM_1003290,Milk__pn34__RLC_POS_MTB_3064754,N-Acetylserotonin
1,Infant VAMS,pn12,VAM_1003290,220.118,0.167,positive,0.631913445324191,6.49420255567641e-10,8.39072617535244e-6,Upregulated,N-Acetylserotonin,4,nacetylserotonin,NA,NA,NA,NA,NA,NA,No matched supplement feature,N-Acetylserotonin,Infant VAMS · pn12,Infant VAMS · 1-2 months,Not reliably detected in supplement,Infant VAMS__pn12__VAM_1003290,Milk__pn34__RLC_POS_MTB_3064754,N-Acetylserotonin
13,Infant VAMS,pn56,VAM_1003290,220.118,0.167,positive,0.628672100460443,5.10132886113581e-9,2.47165759983106e-5,Upregulated,N-Acetylserotonin,4,nacetylserotonin,NA,NA,NA,NA,NA,NA,No matched supplement feature,N-Acetylserotonin,Infant VAMS · pn56,Infant VAMS · 5-6 months,Not reliably detected in supplement,Infant VAMS__pn56__VAM_1003290,Milk__pn34__RLC_POS_MTB_3064754,N-Acetylserotonin
674,Milk,pn34,RLC_POS_MTB_3064754,220.1187,NA,positive,1.15,NA,4.4999999999999995e-31,Upregulated,Pantothenic Acid (Vitamin B5),1,pantothenicacidvitaminb5,NA,NA,NA,NA,NA,NA,No matched supplement feature,Pantothenic Acid (Vitamin B5),Milk · pn34,Milk · 3-4 months,Not reliably detected in supplement,Milk__pn34__RLC_POS_MTB_3064754,Milk__pn34__RLC_POS_MTB_3064754,N-Acetylserotonin
437,Maternal plasma,pn12,RLC_NEG_MTB_933434,218.1024,0.1591333,negative,0.997704129386194,7.134180392274771e-9,9.87829192173189e-6,Upregulated,(R)-Pantothenate,1,rpantothenate,rLC_neg_mtb_1355357,TRUE,TRUE,FALSE,Mass within 25 ppm,3.66798836513236,Reliably detected,(R)-Pantothenate,Maternal plasma · pn12,Maternal plasma · 1-2 months,Detected in supplement,Maternal plasma__pn12__RLC_NEG_MTB_933434,Milk__pn34__RLC_POS_MTB_3065186,(R)-Pantothenate
662,Maternal plasma,tri3,RLC_NEG_MTB_933434,218.1024,0.1591333,negative,0.620164638501228,1.49681541203087e-6,0.00695360882583024,Upregulated,NA,NA,NA,rLC_neg_mtb_1355357,TRUE,TRUE,FALSE,Mass within 25 ppm,3.66798836513236,Reliably detected,NA,Maternal plasma · tri3,Maternal plasma · Third trimester,Detected in supplement,Maternal plasma__tri3__RLC_NEG_MTB_933434,Milk__pn34__RLC_POS_MTB_3065186,(R)-Pantothenate
59,Maternal plasma,incl,RLC_NEG_MTB_933434,218.1024,0.1591333,negative,0.796346853004339,3.85102607647067e-6,0.0188325903936616,Upregulated,NA,NA,NA,rLC_neg_mtb_1355357,TRUE,TRUE,FALSE,Mass within 25 ppm,3.66798836513236,Reliably detected,NA,Maternal plasma · incl,Maternal plasma · Enrollment,Detected in supplement,Maternal plasma__incl__RLC_NEG_MTB_933434,Milk__pn34__RLC_POS_MTB_3065186,(R)-Pantothenate
668,Milk,pn34,RLC_NEG_MTB_1879155,218.103,NA,negative,1.24,NA,7.699999999999999e-38,Upregulated,Pantothenic Acid (Vitamin B5),1,pantothenicacidvitaminb5,rLC_neg_mtb_1355357,TRUE,TRUE,FALSE,Mass within 25 ppm,0.916997091185354,Reliably detected,Pantothenic Acid (Vitamin B5),Milk · pn34,Milk · 3-4 months,Detected in supplement,Milk__pn34__RLC_NEG_MTB_1879155,Milk__pn34__RLC_POS_MTB_3065186,(R)-Pantothenate
610,Maternal plasma,pn12,RLC_POS_MTB_516334,243.1066,0.031,positive,0.734357883853764,5.3496887128618e-4,0.03058202796594,Upregulated,NA,0,NA,rLC_pos_mtb_241980,TRUE,TRUE,FALSE,Mass within 25 ppm,2.87938700328307,Reliably detected,NA,Maternal plasma · pn12,Maternal plasma · 1-2 months,Detected in supplement,Maternal plasma__pn12__RLC_POS_MTB_516334,Milk__pn34__RLC_POS_MTB_3097349,m/z 243.1066
680,Milk,pn34,RLC_POS_MTB_3097349,243.1043,NA,positive,1.08,NA,2.2999999999999997e-24,Upregulated,NA,0,NA,rLC_pos_mtb_241980,TRUE,TRUE,FALSE,Mass within 25 ppm,12.3402300137196,Reliably detected,NA,Milk · pn34,Milk · 3-4 months,Detected in supplement,Milk__pn34__RLC_POS_MTB_3097349,Milk__pn34__RLC_POS_MTB_3097349,m/z 243.1066
15,Infant VAMS,pn56,VAM_1004149,246.114,0.165,positive,0.621573509395112,5.12377447956983e-8,1.986026226026e-4,Upregulated,NA,0,NA,NA,NA,NA,NA,NA,NA,No matched supplement feature,NA,Infant VAMS · pn56,Infant VAMS · 5-6 months,Not reliably detected in supplement,Infant VAMS__pn56__VAM_1004149,Milk__pn34__RLC_POS_MTB_3371064,1-Methylhydantoin
7,Infant VAMS,pn34,VAM_1004149,246.114,0.165,positive,0.612656009832451,3.66223316687991e-7,0.00236586366302387,Upregulated,NA,0,NA,NA,NA,NA,NA,NA,NA,No matched supplement feature,NA,Infant VAMS · pn34,Infant VAMS · 3-4 months,Not reliably detected in supplement,Infant VAMS__pn34__VAM_1004149,Milk__pn34__RLC_POS_MTB_3371064,1-Methylhydantoin
730,Milk,pn34,RLC_POS_MTB_3371064,246.1154,NA,positive,0.66,NA,9.7e-7,Upregulated,1-Methylhydantoin,1,1methylhydantoin,NA,NA,NA,NA,NA,NA,No matched supplement feature,1-Methylhydantoin,Milk · pn34,Milk · 3-4 months,Not reliably detected in supplement,Milk__pn34__RLC_POS_MTB_3371064,Milk__pn34__RLC_POS_MTB_3371064,1-Methylhydantoin
